partition_1,partition_0,polarity,followers,friends,retweet_count,word_freq_list
Afghanistan,Politics,-0.03030105067985177,18805.3739184178,1031.7138442521632,173.05438813349815,"[('entrance', 126), ('university', 119), ('afghan', 113), ('read', 95), ('taliban', 90), ('forces', 87), ('afghanistan', 83), ('taking', 76), ('two', 76), ('more:', 75), ('province', 72), ('women', 71), ('killed', 70), ('pakistan', 69), ('ask', 68), ('mother', 67), ('afghanistan.', 65), ('take', 65), ('along', 61), ('come', 59), ('last', 58), ('first', 57), ('child', 57), ('peace', 57), ('district', 56), ('one', 56), ('exam.', 55), ('daikundi,', 54), ('hats', 54), ('sees', 54)]"
Albania,Politics,0.0367485380116959,1596.1929824561403,944.8421052631579,15.87719298245614,"[('now.', 28), ('world', 27), ('day', 27), ('global', 27), ('around', 27), ('live', 26), ('broadcast', 26), ('right', 26), ('3rd', 26), ('summit', 26), ('representativ‚Ä¶', 25), ('albanian', 18), ('albanians', 15), ('support', 15), ('go', 12), ('ottoman', 12), ('minister', 10), ('albania', 10), ('people', 10), ('reality', 10), ('check:', 10), ('leftovers.', 10), ('are‚ò™Ô∏èon', 10), ('a‚úùÔ∏è‚ò¶Ô∏ècontinent.', 10), ('üáΩüá∞lost', 10), ('18', 10), ('diplomatic', 10), ('recognitions', 10), ('3‚Ä¶', 9), ('need', 9)]"
Algeria,Politics,0.07686292352371757,5535.606969990319,1008.9370764762826,31.512100677637946,"[('el', 266), ('president', 163), ('history', 138), ('üíöüá©üáø', 133), ('ou', 133), ('mazal', 133), ('kheir', 133), ('gouddam', 133), ('üî•üî•üî•', 133), ('https://t.co/vi‚Ä¶', 133), ('year', 82), ('üá©üáø', 78), ('frantz', 78), ('cases', 73), ('offers', 72), ('tebboune', 65), ('recommendations', 63), ('increase', 63), ('investment', 63), ('dead', 60), ('ago', 57), ('new', 56), ('one', 54), ('birthday', 52), ('abdelmadjid', 50), ('long', 48), ('‚¨áÔ∏è', 47), ('slammed', 47), ('libyan', 45), ('happy', 44)]"
Andorra,Politics,0.26913125000000004,4244.5,2969.9375,1.1875,"[('board', 3), ('elegant', 3), ('150', 3), ('sqm', 3), ('exclusive', 3), ('escaldes-engordany,', 3), ('minutes', 3), ('tobacco', 3), ('(', 3), ('drying', 3), ('traditional', 3), ('house', 3), ('andorra)', 3), ('joan', 3), ('manel', 3), ('zamora', 3), ('https://t.co/u6kmrezlyq', 3), ('facebook:', 3), ('‚ùÑÔ∏èhalf', 3), ('term', 3), ('andorra', 3), ('¬£878pp', 3), ('proud', 2), ('take', 2), ('we‚Äôre', 2), ('jmzamorapho‚Ä¶', 2), ('‚õ∑2x', 2), ('adults', 2), ('+', 2), ('2x', 2)]"
Angola,Politics,0.13380271084337345,6534.620481927711,2149.759036144578,1.5481927710843373,"[('angola', 51), ('new', 42), ('afriwetu', 33), ('july', 32), ('hope', 32), ('ready', 32), ('jul);', 32), ('luanda', 29), ('20:', 28), ('almost', 28), ('time...', 28), ('episode', 28), ('coming', 28), ('weds!', 28), ('nyummy', 28), (""queen's"", 28), ('active', 28), ('fire', 28), ('detected', 28), ('lat/lon:', 28), ('time:', 28), ('analysts', 27), ('thoughts', 24), ('share', 23), ('week;', 23), ('offering;', 23), ('gues‚Ä¶', 23), ('country', 20), ('update', 19), ('forming‚Ä¶', 18)]"
Anguilla,Politics,0.2530454545454545,3554.3636363636365,1360.0454545454545,4.136363636363637,"[('cases', 7), ('good', 6), ('morning', 6), ('sss.....wishing', 6), ('everyone', 6), ('great', 6), ('week.', 6), ('https://t.co/znmvzrccvh', 6), ('cpa', 6), ('newly', 5), ('elected', 5), ('house', 5), ('assembly', 5), ('today', 4), ('|', 4), ('post-election', 3), ('seminar', 3), ('began', 3), ('speeches', 3), ('mps', 3), ('new', 3), ('british', 3), ('covid', 3), ('conversation!!', 3), ('shorts', 3), ('loading.........', 3), ('secretary-g‚Ä¶', 2), ('returning', 2), ('female', 2), ('hear', 2)]"
Argentina,Politics,-0.09938252048380788,3495.6004682013267,1932.3230589153336,139.25399921966445,"[('million', 455), ('children', 407), ('infamous', 404), ('techniques', 404), ('torture', 404), ('prisoners', 404), ('detainees,', 404), ('5+', 404), ('adults', 404), ('curren‚Ä¶', 404), ('flyby', 214), ('aviation', 214), ('memorial', 214), ('festival', 214), ('2007.', 214), ('telecom', 197), ('https://t.co/srqhisxx1z', 178), ('argentine', 173), ('üá¶üá∑', 148), ('beautiful', 136), ('found', 122), ('üá®üá∫‚ù§Ô∏è', 119), ('üá∫üá∏üò±', 119), ('üá≤üáΩ‚úåÔ∏è', 119), ('üáßüá∑‚ù§Ô∏è', 119), ('üá¶üá∑üñêÔ∏è', 119), ('üá≥üáÆ‚ù§Ô∏è', 119), ('üá™üá∏‚úåÔ∏è', 119), ('argentina', 118), ('attack', 115)]"
Australia,Politics,0.09200098712446321,5815.333047210301,2789.5845493562233,52.872103004291844,"[('australia', 124), ('sign', 102), ('extradition', 99), ('new', 98), ('suspending', 98), ('need', 95), ('agreement', 93), ('wo‚Ä¶', 90), ('|', 87), ('world', 83), ('2020', 78), ('see', 71), ('like', 69), ('million', 69), ('postponed', 68), ('us', 67), ('today', 61), ('due', 58), ('would', 57), ('australian', 57), ('üá¶üá∫', 55), ('infamous', 54), ('torture', 54), ('prisoners', 54), ('detainees,', 54), ('5+', 54), ('adults', 54), ('children', 51), ('get', 51), ('techniques', 49)]"
Bahamas,Politics,0.12425644444444447,32492.01777777778,1953.151111111111,132.94222222222223,"[('borders', 85), ('u.s.', 72), ('still', 67), ('welcome', 67), ('bahamas', 62), ('tourists', 55), ('closes', 47), ('cases', 45), ('covid-19', 38), ('closed', 37), ('spike;', 35), ('others', 35), ('https://t.co/8rpkjdomh1', 34), ('canadians', 30), ('says', 29), ('https://t.co/ytpajkl94q', 28), ('travelers', 23), ('banned', 19), ('us', 17), ('americans', 16), ('starting', 14), ('american', 13), ('bans', 12), ('manages', 12), ('apartment', 12), ('building', 12), ('left', 12), ('without', 12), ('source', 12), ('income', 12)]"
Barbados,Politics,0.24648813559322036,3916.1949152542375,1638.1440677966102,7.576271186440678,"[('barbados', 19), ('the‚Ä¶', 16), ('government', 14), ('says', 14), ('intention', 14), ('ending', 14), ('programme', 14), ('cuban', 14), ('nurses', 14), ('engaged', 14), ('flight', 14), ('airways', 12), ('stay', 12), ('british', 11), ('make', 11), ('message', 11), ('passengers', 10), ('travelled', 10), ('gatwick', 10), ('may', 10), ('required', 10), ('spend', 10), ('‚Äúbarbados', 10), ('sovereign', 10), ('nation', 10), ('decisions', 10), ('interest', 10), ('country,', 10), ('like', 10), ('countries‚Ä¶', 10)]"
Belize,Politics,0.24857017543859647,2472.0877192982457,1734.0087719298247,3.8157894736842106,"[('belize', 22), ('morning', 12), ('food', 9), ('good', 9), ('https://t.co/ucc1sejeqw', 9), ('lionfish', 7), ('reef', 7), ('visited', 7), ('filmaker,', 7), ('alexandra', 7), ('marguerite', 7), ('cl√Ø¬ø¬Ωmentine', 7), ('cousteau', 7), ('√Ø¬ø¬Ω', 7), ('inspires', 7), ('famous', 7), ('one', 7), ('invasive', 6), ('species', 6), ('threatens', 6), ('coral', 6), ('webs', 6), ('throughout', 6), ('caribbean', 6), ('sea.', 6), ('question:', 6), ('need', 6), ('year', 6), ('part', 6), ('we‚Ä¶', 5)]"
Benin,Politics,0.10240310077519381,8259.007751937985,1887.6434108527133,10.728682170542635,"[('hf', 27), ('team', 27), ('preparing', 27), ('distributing', 27), ('packs', 27), ('base', 27), ('cocotome', 27), ('https://t.co/s1bo9x‚Ä¶', 26), ('distribution', 10), ('rations', 10), ('https://t.co/gl7r4fokoq', 10), ('using', 8), ('first', 8), ('day', 8), ('need', 8), ('came', 8), ('everything', 7), ('know', 7), ('trend', 7), ('title', 7), ('much', 7), ('anticipated', 7), ('single', 7), ('benin', 7), ('running', 6), ('son‚Ä¶', 6), ('uk', 6), ('üáßüáØ', 6), ('satellites', 5), ('monitor', 5)]"
Bermuda,Politics,0.07537080745341615,3154.919254658385,1099.1180124223602,3.639751552795031,"[('|', 45), ('july', 14), ('palette', 14), ('bermudian', 14), ('fish', 14), ('sandwichüáßüá≤\U0001f96a', 14), ('https://t.co/xhfeqglybf', 14), ('bermuda', 13), ('goal', 10), ('20', 9), ('new', 8), ('ministry', 8), ('total', 6), ('""rt', 5), ('high', 5), ('visits', 5), ('photos', 5), ('uk', 5), ('available', 5), ('recent', 5), ('people', 5), ('discuss', 5), ('myrtle', 5), ('edness', 5), ('celebrated', 5), ('106th', 5), ('birthday', 5), ('visit', 5), ('band', 5), ('performed', 5)]"
Bhutan,Politics,0.1404263157894735,3446.8815789473683,2040.6118421052631,1365.532894736842,"[('development', 50), ('finds', 48), ('stronger', 48), ('security', 48), ('partner.', 48), ('unlike', 48), ('2013,', 48), ('don‚Äôt', 48), ('worry', 48), ('cooking', 48), ('gas.‚Ä¶', 48), ('china‚Äôs', 16), ('atrocities', 16), ('longer', 16), ('concealed', 16), ('world.', 16), ('one', 10), ('4', 10), ('time', 10), ('national', 8), ('samsuddin', 8), ('khan', 8), ('prince', 8), ('hi‚Ä¶', 8), ('university', 7), ('bhutan', 7), ('water', 7), ('countries', 6), ('east', 6), ('engaging', 6)]"
Bolivia,Politics,0.011281746031746014,2719.6825396825398,2151.9444444444443,21.325396825396826,"[('administration', 19), ('coup', 18), ('bolivian', 13), ('movement', 13), ('towards', 13), ('socialism', 13), ('people', 12), ('military', 11), ('a√±ez', 11), ('state', 11), ('better', 11), ('president', 11), ('elections', 11), ('support', 10), ('infrastructure', 10), ('cities.', 10), ('women', 10), ('playing', 10), ('central', 10), ('role.', 10), ('mas', 10), ('seeks', 10), ('block', 10), ('https://t.co/wb9h4zdis4', 10), ('electoral', 10), ('hospital', 10), ('self-promotion', 9), ('ceremony', 9), ('broadcast', 9), ('tv.', 9)]"
Bosnia,Politics,-0.09965495495495495,7734.504504504504,5390.382882882883,395.31531531531533,"[('area', 73), ('highest', 73), ('rate', 73), ('civilian', 73), ('killings', 73), ('committed', 73), ('aggression', 73), ('new', 41), ('blog', 36), ('https://t.co/dmizutqcqy', 36), ('https://t.co/q81zm1dvmh', 36), ('serbians', 17), ('explaining', 17), ('they‚Äôre', 17), ('true', 17), ('victims...', 17), ('https://t.co/ihzzxg65va', 17), ('great', 15), ('last', 14), ('news:', 13), ('closed!', 13), ('celebrate!', 13), ('https://t.co/ze6z2n9kxb', 13), ('never', 11), ('bosnian', 10), ('bosnia', 10), ('years', 9), ('forget', 9), ('https://t.co/ma7flepd96', 9), ('25', 8)]"
Botswana,Politics,0.36352516129032264,2181.916129032258,1282.6967741935484,8.406451612903226,"[('botswana', 91), ('diamond', 46), ('kx36', 41), ('acquisition', 38), ('diamonds', 37), ('\u2063', 33), ('welcome', 31), ('zone\u2063', 31), ('pipe', 30), ('botswana.', 29), ('exploration', 28), ('discovery', 27), ('assets', 26), ('also', 21), ('acquire', 20), ('day', 19), ('petra', 19), ('üáßüáº', 18), ('kimberlite', 17), ('us', 16), ('happy', 16), ('exploring', 16), ('elephants', 15), ('boteti', 15), ('stargazing', 15), ('mingling', 15), ('meerkats', 15), ('visiting', 15), ('ancient', 15), ('super', 15)]"
Brazil,Politics,0.06003820713664049,28308.239338555264,2308.8046127067014,140.83768494342908,"[('new', 296), ('cases', 278), ('july', 233), ('us', 212), ('reports', 202), ('higher', 192), ('‚ÄºÔ∏èchris', 190), ('wallace', 190), ('7th-highest', 190), ('mortality', 190), ('rate,', 190), (',', 166), ('1.', 165), ('2.', 165), ('3.', 165), ('19th', 158), ('40,425', 158), ('65,279', 157), ('24,650', 157), ('brazilian', 143), ('president', 142), ('brazil', 127), ('covid-19', 119), ('bolsonaro', 108), ('took', 107), ('support', 102), ('today', 102), ('across', 101), ('go', 97), ('indigenous', 95)]"
Bulgaria,Politics,0.1541903225806451,7024.354838709677,3924.6290322580644,102.48387096774194,"[('gives', 27), ('protests', 14), ('loved,', 11), ('strength.', 11), ('love,', 11), ('courage.', 11), ('~', 11), ('lao', 11), ('tzu.', 11), ('üòâüå∑üåø', 11), ('may', 11), ('rila', 11), ('mountain.‚Ä¶', 11), ('today', 10), ('government', 10), ('recent', 10), ('interested', 10), ('new', 9), ('excellent', 9), ('article', 9), ('https://t.‚Ä¶', 9), ('must', 8), (""borissov's"", 8), ('front', 8), ('parliament', 7), ('attack', 6), ('beautiful', 6), ('video!', 6), ('boyko', 6), ('metodiev', 6)]"
Cameroon,Politics,-0.00857972972972975,27312.7627027027,1116.6583783783783,11.524864864864865,"[('law', 492), ('cameroon.', 264), ('regulate', 252), ('boko', 159), ('haram', 159), ('artistic', 149), ('cultural', 149), ('associations', 149), ('herd', 136), ('republic', 131), ('news:', 130), ('üêògood', 111), ('elephants', 111), ('found', 111), ('territory', 111), ('displaced', 111), ('president', 109), ('fl‚Ä¶', 107), ('authorize', 106), ('statistical', 103), ('activity', 103), ('ratify', 95), ('talks', 75), ('intl', 75), ('cameroon', 74), ('last', 72), ('1/4', 71), ('https://t.co/elzh25msdc', 71), ('crisis', 69), ('country', 67)]"
Canada,Politics,0.11098788443616037,6069.157036346692,2219.302423112768,40.5232991612302,"[('canada', 104), ('new', 96), ('canadian', 80), ('us', 70), ('sign', 61), ('july', 61), ('one', 60), ('get', 57), ('people', 54), ('suspending', 53), ('also', 51), ('national', 50), ('extradition', 48), ('agreement', 47), ('wo‚Ä¶', 47), ('great', 43), ('t‚Ä¶', 42), ('ontario', 40), ('via', 39), ('women', 39), ('man', 38), ('today', 38), ('govt', 38), ('men', 38), ('consent', 38), ('|', 38), ('ready', 37), ('10', 37), ('applications', 37), ('2020', 37)]"
Cayman Islands,Politics,0.2327865384615384,2799.6346153846152,1688.423076923077,2.173076923076923,"[('20', 15), ('july,', 15), ('203', 15), ('confirmed', 15), ('cases', 15), ('4pm', 12), ('28,126', 12), ('tested', 12), ('cayman', 10), ('https://t.co/3‚Ä¶', 7), ('friday', 6), ('2', 4), ('public', 4), ('july', 4), ('live', 4), ('remain', 3), ('active', 3), ('yet', 3), ('considered', 3), ('health', 3), ('learn', 3), ('grand', 3), ('thunderstorms', 3), ('today!', 3), ('high', 3), ('low', 3), ('81f.', 3), ('https://t.co/za4gt‚Ä¶', 3), ('travel', 3), ('turtle', 3)]"
Chad,Politics,-0.056604255319148936,9460.702127659575,10020.771276595744,67.80319148936171,"[('maybe', 44), ('read', 44), ('trial', 44), ('history', 44), ('transcripts', 43), ('nuremberg', 43), ('trials', 43), ('gen', 43), ('masahura', 43), ('homma.', 43), ('wi‚Ä¶', 42), ('grantpark', 36), ('chad', 16), ('one', 9), ('attack', 9), ('killed', 9), ('called', 8), ('never', 8), ('get', 8), ('good', 8), ('like', 7), ('distressing', 7), ('image', 7), ('warning:', 7), ('fact', 7), ('remains', 7), ('least', 7), ('member', 7), ('herd', 7), ('also', 7)]"
Chile,Politics,0.06941013698630143,6524.351232876712,2190.020273972603,26.575342465753426,"[('chile', 170), ('new', 118), ('üá®üá±', 117), ('join', 110), ('|', 103), ('ambassadors', 96), ('read', 92), ('hunger', 90), ('strike', 90), ('strikes', 88), ('km', 88), ('min', 88), ('ago.', 88), ('mapuche', 87), ('prisoners', 87), ('july', 87), ('political', 84), ('info:', 82), ('today,', 76), ('2020', 74), ('support', 71), ('voices', 68), ('‚úäüèΩ', 68), ('women', 67), ('games', 67), ('free', 67), ('pleased', 62), ('announce', 62), ('appointment', 62), ('35', 62)]"
China,Politics,-0.10803719999999886,13577.914,1608.204,8053.7555,"[('thai', 856), ('fellows', 856), ('never', 436), ('fight', 430), ('1.', 430), ('forget', 430), ('stood', 429), ('wit‚Ä¶', 429), ('[support', 428), ('democracy]', 428), ('uk', 160), ('ambassador', 147), ('communist', 131), ('chinese', 122), ('extradition', 121), ('people', 107), ('hong', 97), ('china', 95), ('treaty', 94), ('us', 89), ('trains', 84), ('hundreds', 76), ('onto', 76), ('must', 74), ('footage', 73), ('asks', 73), ('reporter', 71), ('shaven,', 71), ('kneeling,', 71), ('bound,', 71)]"
Christmas Island,Politics,-0.5750000000000001,224.66666666666666,915.6666666666666,2.0,"[('dead', 4), ('apposed', 2), ('-23', 2), ('-19', 2), ('suicides', 1), ('real', 1), ('island', 1), ('living!', 1), ('https://t.co/uffturqtby', 1), ('island/wa/6798/37986/', 1)]"
Colombia,Politics,0.283869911504426,8215.834955752212,1858.4601769911505,24.110176991150443,"[('independence', 672), ('colombia', 461), ('happy', 456), ('day', 399), ('üá®üá¥', 381), ('colombian', 324), ('today', 249), ('us', 243), ('world', 219), ('due', 191), ('embassy', 173), ('bogot√°', 172), ('air', 170), ('beechcraft', 167), ('king', 167), ('crashed', 167), ('runway', 167), ('landing', 167), ('gear', 167), ('failure‚Ä¶', 165), ('celebrate', 152), ('building', 151), ('flag', 148), ('drug', 148), ('tallest', 147), ('burj', 147), ('khalifa', 147), ('dressed', 147), ('üá¶üá™', 144), ('day.üá®üá¥', 144)]"
Congo,Politics,-0.05400817610062893,4923.66037735849,1455.6540880503144,124.54716981132076,"[('20', 40), ('dispatched', 38), ('tons', 38), ('precaution', 38), ('equipment', 38), ('medicines', 38), ('indian', 38), ('contingents', 38), ('deployed', 35), ('in‚Ä¶', 35), ('congo', 22), ('new', 18), ('us', 13), ('means', 12), ('link', 12), ('people', 11), ('recent', 11), ('take', 10), ('army', 10), ('reshuffle', 10), ('(or', 10), ('not),', 10), ('reactions', 10), ('dangerously', 10), ('ill-guided‚Äîboth‚Ä¶', 9), ('cases', 8), ('african', 8), ('smash', 8), ('hit', 8), ('x', 8)]"
Costa Rica,Politics,0.11216543209876541,5585.481481481482,1662.4506172839506,5.160493827160494,"[('costa', 32), ('join', 25), ('data', 24), ('online', 23), ('session', 23), ('21', 23), ('‚Ä¢', 22), ('transparency', 20), ('july', 18), ('register', 17), ('rica', 16), ('""zoom""', 15), ('experience‚Äù.', 15), ('now!', 13), ('learn', 12), ('...', 12), ('h‚Ä¶', 11), ('us', 11), ('üåé‚õ∞Ô∏è', 10), (""week's"", 10), ('newsletter', 10), ('about:', 10), ('violence', 10), ('garifuna', 10), ('communities', 10), ('follow', 8), ('\u2063', 7), ('one', 6), ('rica.', 6), ('read', 6)]"
Cuba,Politics,0.1398575994559675,3383.1054063243796,1962.2179530771846,56.62325739544373,"[('cuban', 577), ('message', 411), ('zero', 395), ('cases', 389), ('concert', 378), ('unblock', 304), ('people', 286), ('also', 262), ('new', 246), ('solidarity', 228), ('present', 209), ('towards', 209), ('ron', 207), ('perlman', 207), ('actor', 204), ('https://t.co/k4i7‚Ä¶', 202), ('want', 191), ('artists', 188), ('would', 181), ('cubans', 166), ('us', 156), ('you?', 155), ('american', 153), ('many', 152), ('critical', 152), ('me!', 152), ('listen.', 152), ('https://t.co/wulkj40gt0', 150), ('thanks', 149), ('dionne', 146)]"
Djibouti,Politics,-0.0067436363636363674,2273.690909090909,561.4545454545455,4.218181818181818,"[('poverty', 8), (',', 7), (""country's"", 7), ('wealth', 7), ('president/his', 7), ('family,', 7), ('citizens.dissents', 7), ('prisons.', 7), ('total', 7), ('ship', 7), ('update', 6), ('‚õîÔ∏è', 6), ('new', 6), ('disagreemen‚Ä¶', 6), ('3', 5), ('countries', 5), ('get', 4), ('one', 4), ('pm', 4), ('6', 4), ('‚úÖ', 4), ('üá©üáØ', 4), ('africa', 4), ('cases,', 4), ('recoveries,', 4), ('related', 4), ('deaths', 4), ('horn', 4), ('reasons', 3), ('djibouti', 3)]"
Dominican Republic,Politics,0.05615942028985509,10496.40579710145,1748.1304347826087,8.217391304347826,"[('+', 21), ('part', 11), ('initiative', 11), ('enhance', 11), ('criminal', 11), ('ju‚Ä¶', 10), ('dominican', 9), ('last', 8), ('friday', 7), ('team', 7), ('started', 7), ('training', 7), ('central', 7), ('american', 7), ('countries', 7), ('preventative', 6), ('measures', 6), ('restrictions', 6), ('place,', 6), ('including', 6), ('daily', 6), ('curfews', 6), ('hours', 6), ('may', 6), ('vary', 6), ('o‚Ä¶', 6), ('state', 6), ('emergency', 6), ('depend‚Ä¶', 5), ('new', 5)]"
Ecuador,Politics,0.059437587657783945,3455.468443197756,1717.3309957924264,16.545582047685834,"[(""correa's"", 225), ('suspended', 219), ('national', 195), ('please', 161), ('looking', 161), ('four', 161), ('political', 157), ('rt:', 156), ('fully-funded', 156), ('(3', 156), ('yrs)', 156), ('plant-herbivore', 156), ('electoral', 156), ('interac‚Ä¶', 152), ('rafael', 151), ('elections', 136), ('social', 136), ('|', 131), ('2021', 126), ('including', 126), ('commitment', 126), ('movements', 125), ('cne', 120), ('party', 120), ('fo‚Ä¶', 114), ('register', 111), (""usa's"", 99), ('idea', 99), ('""democracy""!', 99), ('""the', 74)]"
Egypt,Politics,0.027935587044534235,16092.26032388664,2014.431983805668,34.32874493927125,"[('parliament', 540), ('egyptian', 360), ('troops', 291), ('forces', 237), ('deployment', 234), ('armed', 187), ('president', 179), ('approves', 168), ('military', 165), ('reports', 149), ('aircraft', 141), ('egypt', 137), ('information', 131), ('carrier', 129), ('de', 127), ('Œ±ccording', 126), ('üá´üá∑', 126), ('installed', 126), ('charles', 126), ('gaulle', 126), ('80', 126), ('km‚Ä¶', 126), ('sending', 125), ('one', 124), ('years', 123), ('least', 115), ('combat', 113), ('national', 112), ('üá™üá¨', 107), ('intervention', 106)]"
El Salvador,Politics,-0.02658000000000001,3129.247058823529,1200.8117647058823,5.482352941176471,"[('‚Ä¢', 22), ('el', 13), ('learn', 11), ('üåé‚õ∞Ô∏è', 10), (""week's"", 10), ('newsletter', 10), ('about:', 10), ('violence', 10), ('garifuna', 10), ('communities', 10), ('salvador', 9), ('need', 8), ('military', 6), ('make', 6), ('new', 6), ('de', 6), ('üî•', 5), ('honduras', 5), ('guate', 5), ('excluded', 5), ('funds', 5), ('congress', 5), ('moved', 5), ('cut', 5), ('foreign', 5), ('aid', 5), ('desperate', 5), ('turn', 4), ('twitter', 4), ('attempt', 4)]"
Equatorial Guinea,Politics,0.14627307692307692,6387.384615384615,1113.0,459.84615384615387,"[('minister', 6), ('delegation', 5), ('joseph', 5), ('beti', 5), ('assomo', 5), ('3', 4), ('pm', 4), ('6', 4), (""turkey's"", 4), ('foreign', 4), ('visiting', 4), ('week.', 4), ('https://t.co/gf0xjpthef', 4), ('ministers', 3), ('headed', 3), ('defence', 3), ('minister,', 3), ('bilateral', 3), ('equatorial', 3), ('next', 2), ('palm-trees', 2), ('beach?', 2), ('üå¥üòÅ', 2), ('give', 2), ('tons', 2), ('friends!!', 2), ('üìç', 2), ('announces', 2), ('agreement', 2), ('acquire', 2)]"
Estonia,Politics,0.05332941176470587,3596.6638655462184,1384.0840336134454,2.8823529411764706,"[('estonia', 12), ('new', 9), ('estonian', 8), ('tallinn,', 7), ('still', 6), ('mourning', 6), ('mykola', 6), ('ilyin:', 6), ('marine', 6), ('treacherously', 6), ('killed', 6), ('""rebels""', 6), ('jul', 6), ('13.', 6), ('larger-than-life', 6), ('flooding', 6), ('evening', 6), ('downburst', 6), ('20/07/2020.', 6), ('https://t.co/rkpl07mm1v', 6), ('global', 6), ('like', 6), ('first', 6), ('years', 6), ('last', 6), ('pers‚Ä¶', 5), ('crisis', 5), ('look', 5), ('week', 5), ('foreign', 5)]"
Ethiopia,Politics,0.020541253706056712,4815.58831003812,1173.1003811944092,71.63278271918678,"[('water', 178), ('people', 164), ('abiy', 157), ('ethiopian', 157), ('dr.', 121), ('need', 117), ('ethiopia', 115), ('important', 111), ('forces', 104), ('killed', 103), ('egypt', 102), ('work', 100), ('dam', 98), ('oromo', 98), ('nile', 98), ('b‚Ä¶', 95), ('internet', 95), ('violent', 94), ('brother', 92), ('knowledge', 92), ('ideas', 92), ('must', 91), ('commend', 91), ('arkebe', 91), ('oqubay', 91), ('creation.', 91), ('unrest', 89), ('peace', 87), ('restored', 86), ('details', 86)]"
Fiji,Politics,0.13770234375000007,7008.4140625,575.4609375,2.828125,"[('fiji', 35), ('one', 23), ('more:', 15), ('coronavirus', 15), ('case', 15), ('news', 13), ('reports', 13), ('help', 12), ('https://t.co/owzr0khgnr', 11), ('https://t.co/eqqt8822zi', 11), ('national', 10), ('villa', 8), ('|', 8), ('$lio.v', 8), ('$lomlf', 8), ('lion', 8), ('discovers', 8), ('tuvatu', 8), ('style', 8), ('lodes', 8), ('banana', 8), ('creek;', 8), ('accelerates', 8), ('hit', 8), ('45th', 7), ('anniversary', 7), ('water', 7), ('teams', 7), ('island', 7), ('world', 6)]"
Finland,Politics,0.17671341956345943,2989.0460792239287,2008.699676637025,95.33144704931286,"[('finland', 551), ('üá´üáÆ', 496), ('school', 477), ('homework', 474), ('primary', 474), ('children', 474), ('equal', 474), ('access', 474), ('children.', 474), ('higher', 474), ('pay', 474), ('teachers', 474), ('pre‚Ä¶', 471), ('colleagues', 440), ('coordinating', 438), ('position', 438), ('outstanding', 438), ('is‚Ä¶', 438), ('people', 331), ('view', 314), ('10', 292), ('wants', 289), ('9', 287), ('th', 284), ('person', 284), ('??üòäüòá', 284), ('-4', 284), ('seasonal', 284), ('live.', 284), ('‚òÄÔ∏è', 144)]"
France,Politics,0.028181395348837214,12075.108119135048,2748.0526315789475,250.47409220726234,"[('fire', 267), ('old', 179), ('man', 157), ('year', 155), ('taken', 149), ('following', 149), ('almost', 148), ('destroyed', 148), ('custody', 147), ('39-year-old', 146), ('completely', 146), ('600', 146), ('de', 137), ('cathedr‚Ä¶', 135), ('üá´üá∑', 117), ('church', 99), ('forces', 96), ('armed', 95), ('reports', 93), ('charles', 92), ('gaulle', 92), ('information', 91), ('Œ±ccording', 89), ('installed', 89), ('via', 83), ('france', 78), ('80', 78), ('french', 77), ('aircraft', 76), ('carrier', 76)]"
Gabon,Politics,0.182208,5895.5,717.46,3.38,"[('prime', 10), ('minister', 8), ('support', 8), ('first', 8), ('woman', 7), ('new', 7), ('best', 7), ('placed', 7), ('industry', 7), ('african', 6), ('congratulations', 6), ('rose', 6), ('ossouka', 6), ('would', 6), ('appointed', 5), ('christiane', 5), ('today', 5), ('pm', 5), ('appoints', 5), ('female', 5), ('great', 4), ('3', 4), ('6', 4), ('full', 4), ('article', 4), ('here:', 4), ('1st', 4), ('clean', 4), ('hands,', 4), ('clear', 4)]"
Germany,Politics,0.0611346389228886,7918.392492860057,2298.062831497348,65.31986944104447,"[('together', 137), ('million', 123), ('german', 119), ('could', 106), ('protest', 102), ('overthrow', 96), ('monarchy', 96), ('angela', 93), ('children', 93), ('torture', 92), ('adults', 92), ('merkel', 91), ('follow', 91), ('infamous', 90), ('techniques', 90), ('prisoners', 90), ('detainees,', 90), ('5+', 90), ('curren‚Ä¶', 90), ('confront', 89), (',', 86), ('üëá', 84), ('done,', 81), ('example?', 79), ('new', 77), ('germany', 74), ('love', 69), ('country', 67), ('today', 66), ('english:', 65)]"
Ghana,Politics,0.22424846884899602,3904.7993664202745,1438.4926082365364,72.17476240760296,"[('album', 330), ('hit', 305), ('earlier', 291), ('https://t.‚Ä¶', 288), ('dream', 287), ('rise', 286), ('playing', 285), ('tonight', 284), ('jamaica""s', 284), ('us', 106), ('‚Äì', 93), ('ft', 80), ('x', 75), ('please', 72), ('want', 71), ('now!', 69), ('week', 67), ('?', 67), ('send', 63), ('h‚Ä¶', 61), ('alonestar', 60), ('dancehall', 60), ('remix', 60), ('african', 56), ('lost', 55), ('new', 54), ('glass', 54), ('frames', 54), ('(18cm', 54), ('23cm)', 54)]"
Gibraltar,Politics,0.1988183908045977,2771.448275862069,1509.4022988505747,10.045977011494253,"[('day', 25), ('20/07', 25), ('cloud', 22), ('look', 20), ('20-', 18), ('friendship', 18), ('caved', 18), ('finally', 18), ('participated', 18), ('epic', 18), ('https://t.‚Ä¶', 17), ('rock', 15), ('meteogib', 14), ('latest', 13), ('today', 13), ('lightning', 12), ('team', 12), ('shows', 12), ('radar', 11), ('forecast', 11), ('risk', 11), ('gibraltar', 11), ('levanter', 11), ('21/07', 10), ('bay', 9), ('around', 9), ('new', 8), ('last', 8), ('gibraltar.', 8), ('dust', 8)]"
Greece,Politics,0.04329757815940126,8832.841919859093,2773.088947600176,44.795244385733156,"[('new', 284), ('ft', 240), ('people', 235), ('turkey', 218), ('1974', 204), ('war', 202), ('calls', 200), ('day:', 197), ('woke', 196), ('sirens.', 196), ('invades', 196), ('‚Äúpeace‚Äù', 196), ('operation.', 196), ('murders,', 196), ('rape‚Ä¶', 195), ('alexander', 193), ('greek', 154), ('one', 151), ('top', 129), ('5', 126), ('july', 121), ('songs', 118), ('1.', 118), ('most-streamed', 116), ('audiomack,', 116), ('week:', 116), ('2.', 116), ('born', 99), ('greece', 98), ('356', 95)]"
Greenland,Politics,0.15422935779816513,2837.9816513761466,1632.880733944954,6.7889908256880735,"[('odds', 32), ('get', 24), ('bet9ja', 22), ('see', 21), ('believe', 14), ('greenland', 13), ('searching', 13), ('üîé', 13), ('long', 13), ('able', 13), ('51', 13), ('street.', 13), ('toss', 13), ('edit', 12), ('toda‚Ä¶', 12), ('forget', 10), ('please', 10), ('üçè', 9), ('new', 9), ('including', 9), ('boom', 8), ('comment', 8), ('weather', 8), ('326.53', 7), ('starting', 7), ('tomorrow', 7), ('ending', 7), ('25th', 7), ('month.', 7), ('fancy', 7)]"
Grenada,Politics,0.3010657142857143,1549.5142857142857,1002.1285714285714,2.1857142857142855,"[('best', 17), ('listen', 16), ('soca', 16), ('tunes', 16), ('noize', 16), ('download', 15), ('app', 15), ('today', 13), ('caribbean', 10), ('us', 10), ('welcoming', 9), ('airways', 8), ('https://t.co/uewwtofofn', 8), ('intercaribbean', 7), ('eastern', 7), ('back', 7), ('cases', 7), ('announced', 6), ('new', 6), ('connecting', 6), ('services', 6), (""grenada's"", 6), ('look', 6), ('forward', 6), ('proud', 5), ('recipient', 5), ('coveted', 5), ('aaa', 5), ('five', 5), ('diamond', 5)]"
Guadeloupe,Politics,0.2526285714285714,3332.8571428571427,2437.5714285714284,2.4285714285714284,"[('julia‚Äù', 2), ('2020', 2), ('first', 2), ('win', 2), ('2020!üòÄ', 2), ('small', 2), ('event', 2), ('saint', 2), ('francois', 2), ('tc,', 2), ('worth', 2), ('weight', 2), ('gold.', 2), ('bigger', 2), ('events', 2), ('coming', 2), ('french', 1), ('caribbean', 1), ('hamburger:', 1), ('bokit', 1), ('trauma', 1), ('eating', 1), ('""chicken', 1), ('sandwich""', 1), ('https‚Ä¶', 1), ('point-a-pitre', 1), ('petit-canal', 1), ('https://t.co/1iim7xsbig', 1), ('https://t.co/kgfdlevfdp', 1), ('translation', 1)]"
Guam,Politics,0.06984660194174762,4485.679611650486,1209.7572815533981,26.019417475728154,"[('daily', 43), ('swims', 42), ('üòå‚ù§Ô∏èüá¨üá∫', 42), ('https://t.co/vi976exnvu', 42), ('liberation', 13), ('day', 11), ('japanese', 9), ('guam,', 7), ('july', 6), ('3', 5), ('happy', 5), ('u.s.', 5), ('battle', 5), ('morning', 4), ('jellyfish', 4), ('good', 4), ('b-1b', 4), ('üá¨üá∫', 4), ('us', 4), ('island', 4), ('military', 4), ('history', 4), ('monday:', 4), ('marine', 4), ('bar', 4), ('gunner', 4), ('inspects', 4), ('bunker', 4), ('1944.', 4), ('get', 4)]"
Guatemala,Politics,0.11444232804232798,7032.613756613757,2035.142857142857,18.185185185185187,"[('made', 25), ('partners', 22), ('supporting', 21), ('donation', 21), ('u.s.', 21), ('$458,000', 21), ('worth', 21), ('medical', 21), ('supplies', 21), ('state', 20), ('siege', 17), ('defender', 16), ('guatemala:', 13), ('government', 12), (""i'm"", 11), ('indigenous', 11), ('reject', 11), ('anti-', 10), ('imperialist', 10), ('u:', 10), ('mayan', 10), ('of‚Ä¶', 10), ('message:', 10), ('corruption', 10), ('el', 9), ('fight', 9), ('24', 9), ('palm', 8), ('video,', 8), ('isabel', 8)]"
Guyana,Politics,0.037499090909090885,2800.072727272727,1527.2818181818182,27.763636363636362,"[('david', 22), ('|', 18), ('broadcast', 17), ('president', 16), (""granger's"", 15), ('administration', 15), ('refused', 15), ('venezuela.', 15), ('says', 12), ('chief', 11), ('justice', 11), ('people', 11), ('court', 11), ('granger', 10), ('use', 9), ('guyana', 9), ('request', 8), ('rejected', 7), ('radio', 7), ('recount', 7), ('elections', 7), ('george', 7), ('sanctions', 7), ('guyana‚Äôs', 6), ('pres', 6), ('gov', 6), ('trump', 6), ('admin', 6), ('frequencies', 6), ('new', 6)]"
HongKong,Politics,-0.008080323450134862,11778.445283018867,3425.11590296496,338.5196765498652,"[('extradition', 950), ('uk', 806), ('hong', 690), ('treaty', 628), ('suspend', 555), ('kong', 532), ('""immediately', 434), ('indefinitely""', 403), ('pleased', 402), ('hear', 402), ('co‚Ä¶', 402), ('law', 341), ('security', 334), ('suspends', 310), ('following', 283), ('breaking:', 275), ('deal', 266), ('enactment', 263), ('https://t.co/3p0celjrmv', 260), ('china', 187), ('officials', 173), ('july', 149), ('president‚Äôs', 146), ('normalization', 146), ('declaration', 146), ('war', 146), ('14th', 146), ('2020', 146), ('president', 146), ('donald', 146)]"
Iceland,Politics,0.10974532571428679,5835.557028571428,2286.5213714285715,47.57485714285714,"[('iceland', 688), ('km', 414), ('around', 403), ('sw', 398), ('ago.', 389), ('turf', 380), ('covered', 380), ('houses', 380), ('https://t.co/kfmig9hfof', 380), ('strikes', 366), ('min', 366), ('info:', 246), ('one', 183), ('company', 183), ('could', 182), ('country', 179), ('case', 173), ('whaling', 173), ('lead', 173), ('dissolution', 173), ('https://t.co/pfkaebdlud', 173), ('it.', 158), ('famous', 148), ('preparing', 148), ('blow,', 148), ('behind', 148), ('icelandic', 146), ('church', 141), ('https://t.c‚Ä¶', 138), ('please', 138)]"
India,Politics,0.06026535000000062,24378.6525,1214.84,74.874,"[('4', 186), ('thank', 176), ('n', 171), ('hours.', 168), ('past', 165), ('üî•', 164), ('tweets', 160), ('fire', 159), ('trending', 158), ('fans', 158), ('\U0001f929', 158), ('40k+', 156), ('one', 143), ('cases', 124), ('india', 112), ('happy', 108), ('new', 106), ('indian', 103), ('people', 93), ('finest', 83), ('now..\U0001f929', 82), ('wishing', 82), ('birthday', 82), ('actors', 82), ('lots', 82), ('love,regards', 82), ('en‚Ä¶', 82), ('?', 76), ('tells', 69), ('put', 67)]"
Indonesia,Politics,0.053502942595272565,5150.266280752532,1720.9020742884709,90.77327544621322,"[('july', 221), ('indonesia', 183), ('new', 156), ('one', 122), ('indonesian', 104), ('east', 98), ('people', 92), ('km', 84), ('story', 83), ('also', 81), ('world', 78), ('morning', 77), ('available', 77), ('money', 75), ('ago.', 71), ('capital', 70), ('nepotism', 70), ('more.', 70), ('displaced', 70), ('destroyed,', 70), ('wh‚Ä¶', 70), ('strikes', 69), ('min', 69), ('info:', 67), ('today', 65), ('south', 58), ('volcano', 58), ('image', 57), ('https://‚Ä¶', 56), ('java,', 55)]"
Iran,Politics,-0.07596063333333324,9884.092333333334,1722.1956666666667,114.68866666666666,"[('regime', 475), ('iranian', 243), ('resistance', 207), ('two', 201), ('put', 180), ('cut', 178), ('channels', 178), ('banking', 176), ('restrictions', 176), ('372', 176), ('kabootar', 174), ('tells', 174), ('item‚Ä¶', 174), ('people', 168), ('us', 165), ('global', 163), ('anniversary', 153), ('support', 150), ('iran', 130), (""regime's"", 127), ('national', 124), ('like', 123), ('day', 116), ('council', 115), ('time', 113), ('spying', 112), ('years', 111), ('regime‚Äôs', 109), ('rally‚Äî', 109), ('of‚Ä¶', 108)]"
Iraq,Politics,-0.050676019722097565,11390.27521290901,1655.8193635141192,25.687135813536532,"[('iraqi', 277), ('visit', 188), ('minister', 181), ('many', 145), ('us', 136), ('people', 132), ('iraq', 125), ('interesting', 115), ('foreign', 100), ('officials', 93), ('war', 92), ('salman', 89), ('quite', 87), ('king', 85), ('pm', 85), ('meetings', 85), ('humiliated', 81), ('yesterday.', 81), ('(an‚Ä¶', 79), ('militia', 78), ('iranian', 76), ('site', 75), ('two', 73), ('head', 73), ('near', 70), ('sale', 70), ('ministry', 69), ('money', 67), ('arrived', 66), ('known', 65)]"
Isle of Man,Politics,0.261715573770492,3990.217213114754,1387.282786885246,4.959016393442623,"[('isle', 33), ('man', 30), ('manx', 26), ('new', 25), ('report', 22), ('government', 18), ('collaboration', 18), ('gas', 17), ('today', 16), ('day', 15), ('yesterday', 14), ('üëâ', 14), ('/', 13), ('tynwald', 12), ('port', 12), ('best', 11), ('h‚Ä¶', 11), ('last', 11), ('exciting', 11), ('sandwich', 10), ('tern', 10), ('passing', 10), ('ayres', 10), ('https://t.co/9z5mxb1ada', 10), ('comet', 10), ('via', 10), ('amazing', 10), ('evening', 10), ('neowise', 9), ('heard', 9)]"
Israel,Politics,-0.05111111597374155,8625.255142231947,2225.83238512035,98.09234135667396,"[('land', 244), ('he‚Ä¶', 230), ('typical.', 227), ('steals', 227), ('resources,', 227), ('plunders', 227), ('archeological/historical', 227), ('sites,', 227), ('appropriates', 227), ('cultural', 227), ('israel', 164), ('progress', 130), ('would', 125), ('terms', 125), (',', 112), ('is‚Ä¶', 112), ('else', 110), ('israeli', 106), ('....', 98), ('anything', 95), ('v.s', 94), ('(communist', 94), ('chineese', 94), ('party)', 94), ('air', 92), ('üáÆüá±', 91), ('middle', 87), ('with‚Ä¶', 79), ('happen', 77), ('two', 74)]"
Italy,Politics,0.18163427845958563,6804.685569191705,3667.48624629708,65.59331358442658,"[('italy', 557), ('üáÆüáπ', 294), ('good', 255), ('largest', 251), ('morning', 219), ('still', 202), ('country.', 197), ('market', 196), ('developing', 196), ('although', 196), ('stock', 195), ('8th', 194), ('\U0001f9ed', 193), ('econ', 193), ('world‚Ä¶', 192), ('beautiful', 156), ('la', 149), ('get', 147), ('people', 132), ('inside', 130), ('you,', 127), ('deaths', 119), ('recorded', 117), ('hope', 117), ('since', 112), ('one', 110), ('dog', 108), ('away', 108), ('old,', 107), ('yes!!!', 106)]"
Ivory Coast,Politics,0.19801304347826096,4027.3260869565215,1136.5869565217392,1.2971014492753623,"[('president', 24), ('run', 23), ('salam', 22), ('all,', 22), ('ruling', 20), ('party', 20), ('says', 20), ('asked', 20), ('well', 20), ('allah', 20), ('countries', 16), ('aleycoum,', 16), ('construction', 16), ('finished,', 16), ('congratulations', 16), ('ask', 16), ('continue', 16), ('nestl√©', 16), ('joined', 16), ('not-for-profit', 16), ('organisation', 16), ('earthworm', 16), ('ivory', 16), ('coast', 16), ('authorities', 16), ('protect', 16), ('key', 16), ('forest', 16), ('areas', 16), ('https://t.co/q6iwtnioy6', 16)]"
Japan,Politics,0.08087885000000003,12844.519,2138.3585,390.215,"[('new', 163), ('japan', 162), ('japanese', 134), ('abuse', 111), ('fleet', 110), ('many', 101), ('report', 99), ('build', 94), ('times', 91), ('can‚Äôt', 90), ('sport', 89), ('hit', 84), ('t‚Ä¶', 83), ('documents', 81), ('‚Äúi', 80), ('go', 79), ('submarine', 76), ('government', 76), ('child', 71), ('global', 62), ('could', 60), ('help', 59), ('time', 59), ('fishing', 59), ('first', 57), ('asks', 56), ('alternatives', 56), ('data', 55), ('experts', 55), ('foreign', 54)]"
Kenya,Politics,0.175771062906725,19544.211713665944,2066.9861171366592,16.911496746203905,"[('environmental', 168), ('high', 155), ('court', 145), ('legal', 143), ('today', 143), ('ordered', 142), ('pay', 142), ('kshs', 142), ('alert:', 141), ('ex-wife', 141), ('ex-husband', 141), ('700,000', 141), ('damages', 141), ('dna', 141), ('res‚Ä¶', 139), ('celebrate', 133), ('phyllis', 130), ('omido,', 130), ('activist', 130), ('civil', 130), ('lawsuit', 130), ('govt', 130), ('compa‚Ä¶', 129), ('kenya', 110), ('support', 107), ('new', 97), ('people', 95), ('get', 90), ('üá∞üá™', 88), ('4', 81)]"
Kiribati,Politics,0.0,186.0,337.5,3.0,"[('https://t.co/rjs4habhdd', 1)]"
Kyrgyzstan,Politics,0.3028000000000001,61600.39772727273,3689.7954545454545,31.636363636363637,"[('free', 50), ('un', 49), ('askarov', 47), ('everyone', 46), ('voice,', 46), ('including', 46), ('human', 46), ('rights', 46), ('committee,', 46), ('called', 46), ('authorities', 46), ('times', 46), ('any‚Ä¶', 45), ('day', 7), ('international', 6), ('morgue', 5), ('overwhelmed', 5), ('capital', 5), ('cases', 5), ('rise', 5), ('https://t.co/tohmey3wdn', 5), ('happy', 5), ('chess', 5), ('‚ôü‚ù§Ô∏èüá∞üá¨', 5), ('https://t.co/3cukoy5xur', 5), ('11', 4), ('deaths', 3), ('per', 3), ('people', 3), ('due', 3)]"
Lao,Politics,0.14275833333333335,2568.4166666666665,1217.0833333333333,1.25,"[('2020', 8), ('morning', 6), ('need', 6), ('know', 6), ('one', 6), ('page', 6), ('july', 6), ('20,', 6), ('via', 6), ('based', 6), ('https://t.co/1aps5tgcuc', 6), ('laos', 4), ('dam', 4), ('marks', 2), ('45th', 2), ('anniversary', 2), ('diaspora', 2), ('southeast', 2), ('asia', 2), ('new', 2), ('world', 2), ('we‚Äôre', 2), ('stepping', 2), ('into,', 2), ('time', 2), ('korean', 2), ('developer', 2), ('proudly', 2), ('announces', 2), ('""new', 2)]"
Latvia,Politics,0.12443684210526311,3380.3552631578946,2147.1447368421054,5.184210526315789,"[('check', 13), ('|', 8), ('european', 6), ('latvia', 5), ('üá±üáª', 5), ('amb.', 4), ('juris', 4), ('poikans', 4), ('friendly', 4), ('exchange', 4), ('agenda', 4), ('sphere', 4), ('euro-atlantic', 4), ('innovation', 4), ('latest', 4), ('table', 4), ('football', 4), ('""', 4), ('sale', 4), ('first', 4), ('saucer', 4), ('http‚Ä¶', 4), ('integr‚Ä¶', 3), ('https://t.co/‚Ä¶', 3), ('public', 3), ('broadcaster', 3), ('website', 3), ('artistic', 3), ('director', 3), ('speaks', 3)]"
Lebanon,Politics,-0.05715835987261129,11715.685907643312,1646.4792993630574,40.21496815286624,"[('economic', 300), ('üá±üáß', 214), ('drone', 201), ('lebanese', 196), ('people', 189), ('collapse.', 188), ('idf', 180), ('analysis', 178), ('nightmare', 178), ('reasons', 175), ('behind', 175), ('scenario', 174), ('grow', 174), ('awful‚Ä¶', 172), ('airspace', 167), ('soldiers', 154), ('spotted', 154), ('israeli', 154), ('monitored', 152), ('infiltrating', 152), ('earlier', 152), ('evening.', 152), ('lebanon', 134), ('continue', 123), ('o‚Ä¶', 119), ('crisis', 117), ('help', 109), ('much', 108), ('fire', 104), ('us', 96)]"
Lesotho,Politics,0.11056034482758621,3761.3362068965516,2173.551724137931,9.879310344827585,"[('lesotho', 36), ('u.s.', 23), ('covid-19', 23), ('donation', 22), ('diplomats', 21), ('ethiopia', 21), ('arranged', 21), ('transport', 21), ('test', 21), ('kits‚Ä¶', 20), ('july', 19), ('via', 16), ('government', 14), ('gazette', 12), ('‚Äì', 12), ('20', 12), ('2020', 12), ('https://t.co/ie3dhdks1j', 12), ('2', 12), ('health', 11), ('community', 10), ('confirmed', 8), ('end', 8), ('today..', 8), ('100,000', 8), ('apl', 8), ('go', 8), ('persons.', 8), ('asked', 8), ('privide', 8)]"
Liberia,Politics,0.09561948051948052,15589.57142857143,964.1298701298701,10.181818181818182,"[('july', 7), ('want', 6), ('women', 6), ('jeremiah', 5), ('aims', 5), ('create', 5), ('vibrant,', 5), ('tech', 5), ('hub', 5), ('community.', 5), ('achieve', 5), ('next', 5), ('health', 5), ('2020', 5), ('west', 5), ('taylor', 4), ('months', 4), ('uk', 4), ('10‚Ä¶', 4), ('girl', 4), ('change', 4), ('governing', 4), ('liberia', 4), ('people', 4), ('‚Ä¢', 4), ('africa', 4), ('really', 4), ('rape,', 4), ('welcomes', 3), (""'founding"", 3)]"
Liechtenstein,Politics,0.45084784688995116,2683.8612440191387,2345.5837320574165,175.72727272727272,"[('trade', 122), ('free', 109), ('worth', 109), ('global', 108), ('britain.', 108), ('swapping', 108), ('relationship', 108), ('largest', 108), ('area', 108), ('world,', 108), ('economy', 108), ('‚Ç¨18', 108), ('trillion‚Ä¶', 107), (""i've"", 14), ('many', 10), ('country', 10), ('liechtenstein', 9), ('one', 9), ('heard', 9), ('friends', 8), ('cabinet', 8), ('colleagues', 8), ('tax-avoidance', 8), ('scheme', 8), ('routed', 8), ('great', 7), ('see', 7), ('trending', 7), ('deals', 7), ('throug‚Ä¶', 7)]"
Lithuania,Politics,0.18782891566265061,2816.0602409638554,1367.7469879518073,8.493975903614459,"[('day', 19), ('4', 16), ('loop:', 16), ('advocating', 16), ('solidarity', 16), ('unity', 16), ('reaching', 16), ('deal.', 16), ('still', 16), ('need', 16), ('ag‚Ä¶', 15), ('one', 6), ('countries', 6), ('president', 6), ('old', 5), ('mandatory', 5), ('isolation', 5), ('‚û°Ô∏è', 5), ('using', 5), ('club', 5), ('5', 5), ('new', 4), ('updated', 4), ('list', 4), ('14-day', 4), ('upon', 4), ('return', 4), ('https://t.co/owu4na1twk', 4), ('negotiating', 4), ('time', 4)]"
Luxembourg,Politics,0.10214523809523808,2183.1984126984125,1422.888888888889,20.182539682539684,"[(""today's"", 26), ('currently', 26), ('winds', 26), ('humidity.', 26), ('forecast:', 25), ('high', 25), ('low', 24), ('25¬∞c', 18), ('13¬∞c,', 16), ('cloudy', 15), ('luxembourg', 11), ('partly', 9), ('international', 9), ('24¬∞c', 8), ('new', 8), ('|', 8), ('overcast', 7), ('financial', 7), ('13km/h', 6), ('mostly', 6), ('data', 6), ('global', 6), ('12¬∞c,', 6), ('13¬∞c', 5), ('back', 5), ('12km/h', 5), ('get', 5), ('26¬∞c', 5), ('investing', 5), ('founders', 5)]"
Macao,Politics,0.09774166666666667,82685.08333333333,930.6666666666666,5.916666666666667,"[('billion', 7), (""china's"", 5), ('china', 4), ('development', 4), ('bank', 4), ('(cdb),', 4), ('one', 4), (""country's"", 4), ('major', 4), ('policy', 4), ('banks,', 4), ('provided', 4), ('200.2', 4), ('yuan', 4), ('(about', 4), ('28.6', 4), ('first', 3), ('bridge', 3), ('gets', 3), ('coverage.', 3), ('https://t.co/p9xqt4yxh1', 3), ('https://t.co/n6jxxkooim', 3), ('number', 2), ('visitor', 2), ('arrivals', 2), ('decreased', 2), ('83.9', 2), ('percent', 2), ('year-on-year', 2), ('3,268,900', 2)]"
Madagascar,Politics,0.12028820512820508,18186.876923076925,1897.8051282051283,11.23076923076923,"[('cure', 55), ('says', 33), ('|', 33), ('covid-19,', 32), ('herb', 32), ('can‚Äôt', 31), ('fg', 30), ('thecable', 30), ('https://t.co/dhhhk2vcue', 30), ('https://t.co/q1jro6iliw', 30), ('games', 21), ('ambassadors', 20), ('herbal', 19), ('million', 19), ('cannot', 18), ('women', 17), ('drink', 15), ('coronavirus', 15), ('need', 15), ('new', 14), ('80', 14), ('year', 14), ('old', 14), ('fossilized', 14), ('sand', 14), ('dollar', 14), ('üá≤üá¨.', 14), ('visit', 14), ('etsy', 14), ('shop', 14)]"
Malaysia,Politics,0.2025355240549832,12438.73324742268,1672.5854810996564,100.71005154639175,"[('opening', 532), ('[help', 530), ('rt]', 530), ('hi', 530), ('everyone!', 530), ('celebrate', 530), ('store,', 530), ('giveaway\U0001f929‚ú®', 530), ('rules:‚Ä¶', 528), ('wave', 228), ('1', 149), ('countries', 129), ('2nd', 119), ('1.', 117), ('2.', 117), ('experience', 116), ('realities', 114), ('(not', 114), ('when)', 114), ('malaysia', 113), ('3‚Ä¶', 112), ('2020', 110), ('date:', 88), ('july', 79), ('also', 72), ('available', 70), ('malaysian', 66), ('story', 65), ('postage', 64), ('china', 62)]"
Mali,Politics,-0.04295853658536584,10019.09756097561,2437.2926829268295,16.25609756097561,"[('mali', 15), ('use', 9), ('mediation', 9), ('people', 9), ('plan', 9), ('going', 8), ('president', 7), ('faced', 7), ('genocide,', 7), ('dogon', 7), ('cia-sponsored', 7), ('deniable', 7), ('assets', 7), ('help', 7), ('survive', 7), ('protect', 7), ('their‚Ä¶', 7), ('opposition', 7), (""what's"", 7), ('crisis', 7), ('mediators', 6), ('malian', 6), ('analysis', 6), ('modern', 6), ('mill', 6), ('helping', 6), ('curb', 6), ('regional', 6), ('food', 6), ('insecurity', 6)]"
Marshall Islands,Politics,-0.12042857142857143,3512.1428571428573,4429.714285714285,1.7142857142857142,"[('name', 3), ('transcends', 3), ('languages', 3), ('https://t.co/ot77ftpn9h', 3), ('nuclear', 2), ('waste', 2), ('bleaches', 2), ('corals...', 2), ('go', 2), ('figure', 2), ('https://t.co/vkmjg3llhq', 2), ('üíú', 2), ('https:‚Ä¶', 1), ('https://t.co/vmiiis9uld', 1), ('heard', 1), ('bccrss?', 1), ('https://t.co/vd8tqmagba', 1), ('marshall', 1), ('islands', 1), ('island', 1), ('nation', 1), ('micronesia', 1), ('pacific', 1), ('ocean.', 1), ('consist', 1), ('of‚Ä¶', 1), ('https://t.co/b2tu6wtuby', 1)]"
Martinique,Politics,0.12183333333333334,13008.666666666666,1757.5555555555557,3.3333333333333335,"[('reupping', 6), ('‚¨áÔ∏è', 6), ('frantz', 6), ('fanon‚Äôs', 6), ('birthday...', 6), ('‚ò∫Ô∏è‚úäüåπüá©üáø', 6), ('h/t', 6), ('reminder...', 6), ('video', 2), ('shooting', 1), ('first', 1), ('music', 1), ('https://t.co/ulpvrera2h', 1), ('https://t.co/vtmuoqgmh1', 1), ('born', 1), ('1925', 1), ('caribbean', 1), ('island', 1), ('major', 1), ('theorist', 1), ('supporter', 1), ('movements', 1), ('around', 1), ('world', 1), ('challenging', 1), ('well', 1), ('influence', 1), ('https://t.co/jjrweez04w', 1), ('https://t.co/zq8edmps6c', 1), ('based', 1)]"
Mauritania,Politics,0.09331764705882349,4466.176470588235,1797.0588235294117,3.0,"[('mauritania', 5), ('slavery', 4), ('data', 3), ('still', 3), ('world', 3), ('name', 3), ('transcends', 3), ('languages', 3), ('https://t.co/ot77ftpn9h', 3), ('july', 2), ('daily', 2), ('diagnostic', 2), ('tests', 2), ('day', 2), ('past', 2), ('2', 2), ('weeks.', 2), ('ambassador', 2), ('exists', 2), ('yet', 2), ('much', 2), ('seems', 2), ('oblivious', 2), ('prefers', 2), ('ignore', 2), ('islamic', 2), ('republic', 2), ('sovereign', 2), ('hopes', 2), ('2020', 2)]"
Mauritius,Politics,0.3633848484848483,2609.431818181818,1085.810606060606,6.121212121212121,"[('get', 27), ('need', 24), ('masterpiece', 23), ('headline', 23), ('african', 23), ('dancehall', 23), ('king', 23), ('u', 23), ('album', 23), ('all‚Ä¶', 22), ('mauritius', 18), ('\U0001f9e1', 11), ('new', 10), ('time', 9), ('first', 8), ('jul);', 8), ('per', 7), ('instagram', 7), ('pm', 7), ('made', 6), ('it‚Äôs', 6), ('thank', 6), ('nights', 6), ('deluxe', 6), ('full', 6), ('board', 6), ('flights', 6), ('culture', 6), ('july', 6), ('mark', 5)]"
Mayotte,Politics,0.3953,5988.5,423.0,1.0,"[('6', 3), ('pm', 2), ('total', 2), ('africa:', 2), ('update', 1), ('3', 1), ('gmt', 1), ('/', 1), ('eat', 1), ('part', 1), ('cases', 1), ('725.630', 1), ('deaths', 1), ('15.229', 1), ('https://t.co/8e92sxfumu', 1), ('places', 1), ('worship', 1), ('reopened', 1), ('107', 1), ('days', 1), ('closed', 1), ('keep', 1), ('faithful', 1), ('safe', 1), ('spread', 1), ('covid-19.', 1)]"
Mexico,Politics,0.118785429056924,33149.91248937978,2214.7332200509773,160.96346644010197,"[('showing', 243), ('|', 221), ('better', 216), ('weaponry', 195), ('army', 193), ('‚Äòcartel', 192), ('prompts', 192), ('govt', 192), ('inquiry', 192), ('footage', 191), ('forces‚Äô', 191), ('https://t.co/cyytw489nc', 191), ('ht‚Ä¶', 190), ('cartel', 156), ('new', 155), ('mexico', 133), ('one', 121), ('üá≤üáΩ', 110), ('vehicles', 96), ('de', 87), ('july', 85), ('troops', 82), ('drug', 73), ('cjng', 71), ('jalisco', 69), ('mexican', 66), ('39,184', 64), (',', 64), ('today', 59), ('vs', 59)]"
Monaco,Politics,0.3101770670826857,1768.1216848673946,1155.4040561622464,3138.482059282371,"[('old', 529), ('home', 529), ('giving', 528), ('mate', 528), ('ride', 528), ('üëäüèª', 528), ('https://t.co/sjp4wbysex', 528), ('monaco', 20), ('new', 12), ('day', 8), ('global', 6), ('74', 6), ('meter', 6), ('superyacht', 6), ('built', 6), ('l√ºrssen', 6), ('germany.', 6), ('originally', 6), ('launched', 6), ('kismet', 6), ('lenght', 6), ('68‚Ä¶', 6), ('best', 6), ('international', 6), ('!', 6), ('üá´üá∑', 5), ('available', 5), ('happy', 5), ('chess', 5), ('cc', 5)]"
Mongolia,Politics,0.12814806474313845,7359.223786066151,4011.893033075299,19.242083040112597,"[('economic', 198), ('families', 186), ('th‚Ä¶', 182), ('due', 180), ('impact', 180), ('many', 180), ('struggling', 180), ('put', 180), ('food', 180), ('table.', 180), ('partnership', 180), ('paper', 170), ('first', 163), ('mongolia,', 135), ('""as', 130), ('petrol', 130), ('arrives', 130), ('greater', 130), ('desired', 130), ('means', 130), ('transportation', 130), ('russian', 130), ('uaz-452,', 130), ('holdover', 130), ('1/6', 113), ('phd', 113), ('out!', 113), ('\U0001f973', 113), ('interested', 113), ('understanding', 113)]"
Montenegro,Politics,0.05361346153846154,12878.76923076923,10009.740384615385,473.78846153846155,"[('new', 39), ('blog', 36), ('https://t.co/dmizutqcqy', 36), ('https://t.co/q81zm1dvmh', 36), ('national', 14), ('black', 13), ('park', 13), ('lake,', 12), ('durmitor', 12), ('one', 8), ('!', 7), ('‚Ä¢', 6), ('folks,', 6), ('people', 6), ('orthodox', 6), ('church', 6), ('since', 6), ('greater', 6), ('name', 6), ('—ô—É–¥–∏,', 5), ('danger,', 5), ('üá∑üá∏', 5), ('also.', 5), ('share', 4), ('even', 4), ('2‚Ä¶', 4), ('üá¨üáß', 4), ('ambassador', 4), ('many', 4), ('montenegro', 4)]"
Morocco,Politics,0.1597378815080785,7604.292040694195,2199.785158587672,55.670257330939556,"[('morocco', 184), ('two', 156), ('travel', 148), ('us:', 116), ('thumbs', 112), ('peggy', 112), ('boyd', 112), ('https://t.co/bbx7hnpuzc', 112), ('uk:', 112), ('https://t.co/ohgqqjphui', 112), (""mother's"", 112), ('moroccan', 110), ('us', 108), ('years', 108), ('journalist', 105), ('elmahdaoui', 105), ('3', 97), ('happy', 96), ('looking', 96), ('show', 88), ('üá≤üá¶:', 87), ('hamid', 87), ('dades', 86), ('monday.', 84), (""week's"", 84), (""we're"", 84), ('circles', 84), ('domes', 84), ('tag', 84), ('exactly', 83)]"
Mozambique,Politics,0.013870454545454545,7997.981818181818,1623.8545454545454,12.436363636363636,"[('goes', 41), ('children', 40), ('simple', 40), ('women,', 40), ('heart', 39), ('ordinary', 39), ('men,', 39), ('whose', 39), ('lives', 39), ('forever', 39), ('turned', 39), ('upside', 39), ('wars', 39), ('in‚Ä¶', 38), ('support', 16), ('‚Äì', 16), ('project', 15), ('mozambique', 14), ('week', 12), ('training', 12), ('great', 12), ('new', 12), ('married', 12), ('remotely', 11), ('running', 11), ('workshop', 11), ('able', 11), ('story', 10), ('t‚Ä¶', 10), ('cases', 10)]"
Namibia,Politics,0.23783071895424843,4550.660130718954,1885.9346405228757,5.326797385620915,"[('namibia', 19), ('one', 16), ('beautiful', 13), ('great', 12), ('check', 12), ('here:', 12), ('""flight', 11), ('white', 11), ('pelican"".', 11), ('masterful', 11), ('photo', 11), ('https://t.co/glt7alwb20', 11), ('new', 11), ('malachite', 10), ('rich', 9), ('green', 9), ('colour,', 9), ('stones', 9), ('mother', 9), ('earth', 9), ('created,', 9), ('july', 8), ('w‚Ä¶', 8), ('scandal', 7), ('3', 7), ('plumes', 7), ('like', 7), ('üá≥üá¶', 7), ('know', 7), ('revelations', 6)]"
Nauru,Politics,0.04419148936170215,3460.627659574468,1844.9255319148936,39.41489361702128,"[('years', 84), ('day', 69), ('held', 37), ('many', 29), ('said', 29), ('two', 28), ('ago.', 28), ('memories,', 28), ('always', 28), ('fight.', 28), ('5', 28), ('long.', 28), ('7', 28), ('passed.', 28), ('üò≠', 28), ('said‚Ä¶', 27), ('one', 21), ('account', 21), ('this.', 21), ('every', 21), ('gets', 21), ('bit', 21), ('closer', 21), ('still', 19), ('offshore', 18), ('candle', 18), ('solidarity', 18), ('well', 18), ('lightning', 16), ('hundreds', 16)]"
Nepal,Politics,-0.03938582910321477,21845.355752961084,2287.56641285956,142.00296108291033,"[('indian', 326), ('nepal', 307), ('one', 302), ('shot', 241), ('injured', 239), ('police', 239), ('india', 238), ('kishanganj', 215), ('three', 211), ('near', 200), ('men', 196), ('actor', 170), ('river', 136), ('level', 119), ('state', 99), ('people', 90), ('allu', 87), ('arjun', 87), ('too!', 86), ('huge', 86), ('pan', 85), ('üòäüí•', 85), ('fanbase', 85), ('years', 84), ('b‚Ä¶', 84), ('a‚Ä¶', 83), ('""i', 83), ('brought', 83), ('diehard', 82), ('feminist', 82)]"
Netherlands,Politics,0.10141863957597214,5686.568462897527,3597.9902826855123,64.78003533568905,"[('photography', 545), ('scott', 545), ('hefti', 545), ('üïäÔ∏è‚ù§Ô∏è', 533), ('position', 325), ('colleagues', 324), ('coordinating', 321), ('outstanding', 321), ('is‚Ä¶', 321), ('https://t.co/kpkb2bnr2p', 237), ('dutch', 217), ('https://t.co/asivox21ym', 207), ('pm', 86), ('group', 84), ('parliament', 80), ('calls', 76), ('polish', 74), ('""stingy', 74), ('egoist', 74), ('countries"".', 74), ('mo‚Ä¶', 72), ('2', 70), ('helicopter', 63), ('sea', 60), ('netherlands', 58), ('air', 56), ('killed', 54), ('crashed', 54), ('full', 52), ('force', 52)]"
New Caledonia,Politics,0.2148583333333333,1719.1666666666667,971.0833333333334,1.5833333333333333,"[('new', 6), ('3', 4), ('provincial', 4), ('french', 3), ('speakers,', 3), ('‚Äòle', 3), ('sens', 3), ('de', 3), ('oui‚Äô', 3), ('interesting', 3), ('e-book', 3), ('unc', 3), ('law', 3), ('professor', 3), ('mathias', 3), ('chauchat', 3), ('louise', 3), ('university', 3), ('opens', 3), ('campus', 3), ('baco,', 3), ('near', 3), ('northern', 3), ('province', 3), ('capital', 3), ('koohne.', 3), ('weeks', 2), ('training', 2), ('at-sea', 2), ('starting', 2)]"
NewZealand,Politics,0.16016060315940644,15325.490186692197,3166.5485878410723,10.235040689325036,"[('new', 366), ('zealand', 162), ('like', 117), ('good', 93), ('one', 79), ('would', 69), ('absolutely', 67), ('morning', 65), ('get', 65), ('back', 64), ('day', 61), ('nz', 60), ('national', 56), ('time', 55), ('many', 54), ('got', 51), ('loved', 51), ('came', 50), ('world‚Äôs', 48), ('today!', 48), ('us', 47), ('best', 47), ('years', 46), ('rarest', 46), ('wading', 46), ('bird', 46), ('brink', 46), ('christchurch', 46), ('free', 45), ('people', 45)]"
Nigeria,Politics,-0.08387849206349259,13820.394047619047,1551.4611111111112,313.0805555555556,"[('niger', 249), ('troops', 245), ('republic', 236), ('trying', 236), ('weapons', 235), ('intercepted', 234), ('smuggle', 232), ('niger/‚Ä¶', 231), ('nigeria', 186), ('country', 168), ('called', 165), ('day', 156), ('government', 150), ('see', 149), ('every', 138), ('always', 136), ('hear', 128), ('believe', 128), ('t‚Ä¶', 128), ('darkness', 127), ('people', 127), ('day,', 126), ('way', 121), ('truth', 111), ('done', 109), ('coming', 106), ('count‚Ä¶', 102), ('ruling', 102), ('participatory', 101), ('go', 99)]"
NorthKorea,Politics,0.001744373284537955,12881.494053064958,1840.502287282708,11.670631290027448,"[('like', 200), (""they're"", 200), ('north', 178), ('little', 172), ('eating', 167), ('hunger', 167), ('!!', 167), ('family', 167), ('eaten', 167), ('for‚Ä¶', 167), ('korea', 99), ('kim', 93), ('says', 81), ('hospital', 76), ('korean', 72), ('production', 67), ('made', 65), ('electric', 56), ('meet', 56), ('public', 56), ('report', 53), ('new', 53), ('missiles', 52), ('build', 51), ('home-made', 51), ('trams', 51), ('grown', 51), ('transport', 51), ('demand', 51), ('dprk.', 51)]"
Norway,Politics,0.25315333333333406,3823.8261208576996,1858.9302144249514,18.56530214424951,"[('norway', 274), ('welcome', 240), ('crown', 195), ('happy', 189), ('art', 142), ('prince', 142), ('kistefos', 138), ('haakon', 131), ('summer', 128), ('c', 123), ('p', 120), ('e!', 120), ('norway!', 120), ('birthday', 113), ('üòç', 110), ('norwegian', 106), ('47th', 103), ('next', 97), ('years', 96), ('july', 96), ('princess', 91), ('visited', 90), (""let's"", 89), ('norway.', 87), ('lovely', 85), ('https://t.co/hkfahpoegb', 84), ('it.', 83), ('inside', 82), ('yesterday', 82), ('taiwan', 82)]"
Pakistan,Politics,0.06802345000000048,8167.1245,1122.493,140.7825,"[('pakistan', 194), ('fo‚Ä¶', 122), ('one', 108), ('like', 107), ('population', 104), ('tests', 104), ('24', 104), ('corrupt', 104), ('get', 102), ('hours.', 102), ('total', 102), ('220million', 101), ('19,108', 101), ('incompetent,', 101), ('gov‚Ä¶', 101), ('pakistani', 96), ('power', 94), ('many', 93), ('field', 93), (',', 92), ('üáµüá∞', 90), ('take', 83), ('year', 81), ('never', 80), ('seasons', 76), ('ertugrul', 75), ('better', 75), ('hey', 74), ('drillis', 74), ('watched?', 74)]"
Papua New Guinea,Politics,-0.04703000000000004,4527.48,1349.36,22.42,"[('name', 12), ('drop', 12), ('country', 12), ('hollywood', 12), ('movie', 12), ('üáµüá¨üíû', 12), ('companies', 9), ('started', 9), ('temporarily', 9), ('disabling', 9), ('unregistered', 9), ('order‚Ä¶', 8), ('access', 8), ('people', 6), ('get', 4), ('re-envisioning', 4), ('melanesian', 4), ('haus', 4), ('never', 4), ('ending', 4), ('process.', 4), ('clean', 4), ('working', 4), ('improve', 4), ('water', 4), ('close', 3), ('personal', 3), ('dolphins', 3), ('early', 3), ('morning', 3)]"
Paraguay,Politics,0.000540909090909102,26056.045454545456,3174.568181818182,7.363636363636363,"[('indigenous', 16), ('invermectin', 16), ('misionero', 16), ('update', 12), ('workers', 12), ('medicated', 12), ('injected', 12), ('company', 12), ('srl', 12), ('experienci‚Ä¶', 11), ('smugglers', 6), ('border', 4), ('srl,', 4), ('banana', 4), ('exporter,', 4), ('applied', 4), ('injection,', 4), ('animal', 4), ('use,', 4), ('workers,', 4), ('to‚Ä¶', 4), ('violence', 4), ('learn', 4), ('clip', 4), ('shared', 4), ('lolly', 4), ('ramdas', 4), ('flares', 3), ('battle', 3), ('playing', 3)]"
Peru,Politics,0.02552201183431955,41859.72130177515,2428.9165680473375,11.882840236686391,"[('üáµüá™', 262), ('covid-19', 254), ('cases', 121), ('peru', 118), ('july', 109), ('dead', 109), ('hospital', 87), ('woman', 83), ('time', 79), ('km', 75), ('hill', 73), ('pass', 73), ('!!', 73), ('new', 71), ('update', 67), ('american', 66), ('ago.', 62), ('operations', 61), ('19', 58), ('global', 58), ('silver', 57), ('million', 57), ('visit', 57), ('strikes', 57), ('w', 57), ('min', 57), ('see', 54), ('|', 54), ('join', 52), ('pan', 51)]"
Philippines,Politics,0.28158109222050404,11764.755280783102,1831.7697063369396,315.3961875321999,"[('support', 330), ('one', 300), ('send', 288), ('‚Äì', 287), ('coffee', 286), ('post!', 282), (""i'll"", 276), ('person', 274), ('globe', 274), ('load', 274), ('(*‚Ç±50)', 274), ('likes', 274), ('retweets', 274), ('winner', 274), ('paid', 274), ('tag', 274), ('friend‚Ä¶', 272), ('people', 263), ('thousands', 259), ('brave', 256), ('right', 254), ('lets', 248), ('rising', 245), ('them‚Ä¶', 245), ('maritime', 96), ('self-defense', 96), ('force', 96), ('(jmsdf)üáØüáµ', 96), ('conducted', 96), ('communication', 96)]"
Phillippines,Politics,0.0,42.0,75.0,0.0,"[('fintechalliance', 1), ('released', 1), ('handbook', 1), ('outlining', 1), ('standards', 1), ('financial', 1), ('technology', 1), ('sector', 1), ('bid', 1), ('unify', 1), ('regulators,', 1), ('policy', 1), ('makers', 1), ('stakeholders.', 1), ('https://t.co/gtjdctgbig', 1)]"
Poland,Politics,0.06622203918076597,4148.372662511131,2078.8771148708815,62.784505788067676,"[('calls', 335), ('polish', 261), ('political', 242), ('country', 225), ('uses', 218), ('‚óºÔ∏è‚óªÔ∏è', 215), ('mep', 215), (""'finally"", 215), (""act'"", 215), ('jail', 215), ('r‚Ä¶', 212), ('located', 187), ('lake', 186), ('morskie', 181), ('oko', 181), ('largest', 181), ('fourth-deepest', 181), ('deep', 181), ('within', 181), ('tatra', 181), ('nationa‚Ä¶', 175), ('eu', 159), ('poland', 148), ('group', 125), ('pm', 122), ('""stingy', 117), ('egoist', 117), ('countries"".', 117), ('mo‚Ä¶', 114), ('be‚Ä¶', 95)]"
Puerto Rico,Politics,0.06952480686695343,3304.0763948497856,1454.7909871244635,32.55064377682403,"[('drew', 852), ('weekend', 435), ('martin', 430), ('william', 430), ('reached', 426), ('(marty)', 426), ('comment', 426), ('told', 426), ('him‚Ä¶', 426), ('puerto', 179), ('order', 146), ('tourists', 141), ('people', 118), ('reopening', 114), ('time', 111), ('new', 110), ('inbound', 108), ('tourism', 108), ('safeguard', 108), ('rico', 105), ('postponing', 105), ('official', 105), ('visitors', 105), ('(from', 103), ('go', 102), ('read', 101), ('üá®üá∫‚ù§Ô∏è', 100), ('üá∫üá∏üò±', 100), ('üá≤üáΩ‚úåÔ∏è', 100), ('üáßüá∑‚ù§Ô∏è', 100)]"
Romania,Politics,0.06409444444444448,3514.9444444444443,2888.8888888888887,46.166666666666664,"[('romania', 9), ('king', 4), ('carol', 4), ('bridge', 3), ('arh.', 3), ('anghel', 3), ('saligny', 3), ('1895', 3), ('romanian', 2), ('new', 2), ('üá∑üá¥', 2), ('us', 2), ('‚úÖ', 2), ('looking', 2), ('time.', 2), ('plan', 2), ('ferdinand', 2), ('died', 2), ('otd', 2), ('1927,', 2), ('sided', 2), ('central', 2), ('powers', 2), ('wwi,', 2), ('leading', 2), ('gaining', 2), ('idea', 1), ('am.', 1), ('everybody', 1), ('treats', 1)]"
Russia,Politics,-0.017336392034361835,7650.390081999219,2200.2089027723546,325.6356891839125,"[('new', 366), ('report', 311), ('long-awaited', 271), ('security', 246), ('uk', 245), ('intelligence', 242), ('impeached', 238), ('published', 238), ('committee', 238), (""parliament's"", 237), ('10‚Ä¶', 237), ('us', 204), ('accuses', 201), ('years', 182), ('help', 164), ('caught', 149), ('asking', 148), ('an‚Ä¶', 147), ('defeat', 146), ('getting', 123), ('people', 122), ('russian', 120), ('reports', 117), ('higher', 114), ('jail', 111), ('‚ÄºÔ∏èchris', 111), ('wallace', 111), ('7th-highest', 111), ('mortality', 111), ('rate,', 111)]"
Samoa,Politics,0.3035916666666667,8164.916666666667,1924.0833333333333,1.4583333333333333,"[('us', 5), ('join', 4), ('today', 4), ('webinar', 4), ('‚Äúunlocking', 4), ('lockdown.', 4), ('gendered', 4), ('effects', 4), ('achieving', 4), ('asia', 4), ('an‚Ä¶', 3), ('high', 3), ('make', 3), ('help', 3), ('passionate', 3), ('ending', 3), ('extreme', 3), ('poverty?', 3), ('hiring', 3), ('senior', 3), ('based', 3), ('bridge', 3), ('get', 3), ('pacific', 2), ('samoa', 2), ('island', 2), ('women', 2), ('low', 2), ('24', 2), ('c.', 2)]"
Saudi Arabia,Politics,0.06637242411286885,29276.00342026507,1355.6870457460452,14.547669944420692,"[('king', 647), ('salman', 412), ('saudi', 395), ('admitted', 305), ('hospital', 301), ('july', 259), ('bin', 208), ('faisal', 159), ('arabia', 149), ('specialist', 138), ('medical', 134), ('close', 130), ('abdulaziz', 130), ('31', 127), ('day', 118), ('due', 118), ('minister', 117), ('relationship', 114), ('had.', 114), ('biden', 114), ('visit', 114), ('inflammation', 107), ('new', 105), ('riyadh', 92), ('announces', 89), ('al', 87), ('first', 85), ('hospitalized', 82), ('mustafa', 78), ('may', 77)]"
Senegal,Politics,0.23260178282009789,20455.410048622365,1887.9546191247973,20.891410048622365,"[('pandemic', 194), ('long', 193), ('providing', 193), ('medical', 193), ('put', 188), ('healthcare', 188), ('headlines,', 188), ('committed', 188), ('aid', 188), ('t‚Ä¶', 183), ('|', 65), ('üá∏üá≥', 35), ('join', 34), ('tomorrow', 34), ('explore', 34), ('inclusive', 34), ('data', 34), ('enabling', 34), ('governments', 34), ('update', 29), ('everyone', 29), ('thank', 29), ('health', 25), ('showing', 25), ('fundraiser', 25), ('collabo', 25), ('like', 23), ('african', 23), ('people', 21), ('ministry', 21)]"
Serbia,Politics,-0.3162371703641727,2386.7555462536625,1066.1845960652993,224.87609878610297,"[('days', 1142), ('today', 1139), ('9', 1134), ('aleksandar', 1117), ('ago,', 1113), ('remembered', 1113), ('recall', 1113), ('horrific', 1113), ('statement', 1113), ('vucic,', 1113), ('former', 1113), ('minister‚Ä¶', 1107), ('via', 144), ('serbia.', 140), ('anti-government', 137), ('clashes', 137), ('drone', 135), ('footage', 134), ('ig', 134), ('https://t.co/‚Ä¶', 134), ('people', 97), ('like', 89), ('w/', 83), ('revisionism', 76), ('lands', 76), ('brothers', 73), ('sisters', 73), ('coveted', 73), ('by‚ò™Ô∏è', 73), ('expansionism‚Ä¶', 70)]"
Seychelles,Politics,0.22255333333333335,3532.6666666666665,1094.8444444444444,6.555555555555555,"[('good', 8), ('ocean', 6), ('share!', 5), ('check', 5), ('items', 5), (""i'm"", 5), ('loving', 5), ('time', 5), ('2', 4), ('flights', 4), ('depart', 4), ('july', 4), ('seychelles', 4), ('üì¢', 3), ('‚Äì', 3), ('planned', 3), ('üá∏üá®for', 3), ('dubai:6.00pm', 3), ('21', 3), ('hm018', 3), ('fisherman', 3), ('tends', 3), ('nets', 3), ('seychelles.', 3), ('leading', 3), ('threat', 3), ('health.', 3), ('combat', 3), ('brown', 3), ('looking', 3)]"
Sierra Leone,Politics,-0.05237920353982302,3985.119469026549,1032.296460176991,9.154867256637168,"[('sierra', 40), ('leone.', 27), ('lives', 25), ('art', 25), ('hawa-jane', 23), ('bangura', 23), ('works', 22), ('freetown,', 22), ('studied', 22), ('uk', 22), ('usa.', 22), ('lansana', 22), ('mohamed', 20), ('police', 19), ('people', 19), ('makeni', 15), ('today', 15), ('northern', 15), ('five', 14), ('live', 12), ('confirmed', 12), ('years', 12), ('ago', 12), ('need', 12), ('killing', 11), ('new', 11), ('45', 11), ('dr.', 11), ('sorie', 11), ('forna,', 11)]"
Singapore,Politics,0.05842330097087366,2653.9816044966788,1630.0924885028105,1776.1757792539602,"[('clip', 1368), ('got', 1356), ('rid', 1348), ('scourge', 1348), ('seen', 1341), ('short', 1339), ('1960s?', 1339), ('https://t.co/6rybnoqarr', 1339), ('4', 63), ('singapore', 55), ('new', 44), ('2', 33), ('thank', 32), ('measures', 32), ('every', 31), ('received', 31), ('shopping', 31), ('bag', 31), ('singaporean', 30), ('govt', 30), ('with:', 30), ('reusable', 30), ('mask,', 30), ('disposal', 30), ('masks,', 30), ('tubes', 30), ('hand‚Ä¶', 30), ('4yo', 29), ('ur', 29), ('reactions', 29)]"
Solomon Islands,Politics,0.2332689655172414,3935.4137931034484,2861.0344827586205,4.206896551724138,"[('three', 6), ('support', 6), ('people', 6), ('world', 6), ('women', 5), ('helping', 5), (""women's"", 5), ('also', 5), ('hit', 4), ('region', 4), ('hard', 4), ('april.', 4), ('months', 4), ('on,', 4), ('ahp', 4), ('partners', 4), ('continue', 4), ('national', 4), ('self', 4), ('organising,', 4), ('community', 4), ('market', 4), ('cope', 4), ('lockdown', 4), ('continues', 4), ('grapple', 4), ('embracing', 4), ('new', 4), ('techologies', 4), ('remote', 4)]"
Somalia,Politics,0.07605089590443657,5914.023464163823,1238.216723549488,16.735068259385667,"[('meeting', 278), ('great', 239), ('people', 233), ('first', 218), ('president', 189), ('leaders', 173), ('conference', 147), ('report', 119), ('need', 118), ('somali', 117), ('day', 117), ('consultative', 110), ('incredibly', 110), ('filled', 110), ('wisd‚Ä¶', 108), ('presidents', 107), ('fms', 104), ('mohamed', 103), ('rights', 101), ('one', 96), ('today', 95), ('support', 92), ('regional', 90), ('launch', 87), ('take', 86), ('new', 83), ('change', 82), ('national', 80), ('dhusamareb', 80), ('topic', 79)]"
SouthAfrica,Politics,0.09601451335056012,8686.751076658053,3142.281223083549,34.64254952627046,"[('give', 252), ('south', 198), ('african', 167), ('ask', 155), ('take', 132), ('africa', 123), ('new', 117), ('anyone', 114), ('üòÇüòÇsouth', 112), ('ungovernable', 112), ('undefeated', 112), ('https://t.co/o7ph16xyln', 112), ('paying', 111), ('attention', 110), ('1"",', 110), ('mile...!', 110), ('1a', 110), ('and‚Ä¶', 110), ('please', 99), ('one', 99), ('us', 86), ('less', 72), ('top', 71), ('see', 71), ('always', 66), ('changed', 61), ('people', 61), ('cases', 61), ('look', 60), ('check', 60)]"
SouthKorea,Politics,0.08449517112048716,5544.760900140647,2217.0032817627753,108.11345522737928,"[('video', 401), ('dogs', 192), ('industry', 189), ('action', 171), ('humane', 167), ('alliance', 167), ('Ï†úÏ£º', 159), ('share', 129), ('follow', 128), ('dog', 127), ('stop', 125), ('south', 123), ('july', 116), ('awareness', 116), ('answer', 111), ('korea', 105), ('3', 104), ('days', 103), ('little', 103), ('üö´', 103), ('health', 97), ('korean', 95), ('museum', 94), ('20', 93), ('sex', 89), ('meat', 86), ('report', 85), ('website', 82), ('us', 81), ('org', 80)]"
Spain,Politics,0.09785814726840848,9122.340142517814,2963.888836104513,255.81520190023753,"[('country', 132), ('one', 124), ('üá™üá∏', 123), ('towards', 104), ('th‚Ä¶', 100), ('protesters', 99), ('authorities', 98), (""king's"", 96), ('huge', 95), ('covid-19', 93), ('power', 92), ('victory', 92), ('plants', 91), ('closed', 91), ('2025', 91), ('earlier!', 91), ('illegal', 83), ('spain', 83), ('camp', 82), ('migrants', 82), ('african', 82), ('hotspot', 79), ('erupted', 79), ('unregulated', 79), ('visit', 78), ('let', 78), ('every', 77), ('trie‚Ä¶', 76), ('photography', 74), ('scott', 74)]"
Sri Lanka,Politics,-0.005674180041870215,3292.7271458478717,849.6043265875785,45.14654570830426,"[('sri', 295), ('lanka', 179), ('road', 146), ('years', 110), ('due', 109), ('|', 87), ('port', 86), ('two', 85), ('area', 79), ('72', 76), ('sub', 73), ('careful!!!', 72), ('sudden', 72), ('sinkholes', 72), ('polhengoda', 72), ('standard', 72), ('excavations', 72), ('pipe', 72), ('üì∑', 72), ('laying.', 71), ('fb', 71), ('lost', 69), ('canceled', 69), ('deal', 69), ('behest', 69), ('of‚Ä¶', 68), ('died', 68), ('one', 67), ('johnston', 59), ('kurunegala', 53)]"
Sudan,Politics,0.1404937998549699,9556.10152284264,1119.454677302393,309.7480058013053,"[('sudanese', 1107), ('food', 1033), ('help.', 1011), ('run', 1009), ('asked', 1007), ('refugee', 1005), ('money', 1005), ('rent', 1005), ('(150', 1005), ('dinars),', 1005), ('basic‚Ä¶', 1005), ('nile', 134), ('water', 133), ('last', 113), ('chief', 110), ('dam', 108), ('sudan', 105), ('fighting', 99), ('general', 94), ('staff', 87), ('sudden', 85), ('eritrean', 79), ('twitter', 72), ('international', 72), ('people', 71), ('west', 69), ('t‚Ä¶', 68), ('w‚Ä¶', 66), ('üá™üáπ', 64), ('two', 64)]"
Sweden,Politics,0.17251605947955181,5302.190706319702,1852.2881040892194,91.5542750929368,"[('colleagues', 481), ('coordinating', 477), ('position', 477), ('outstanding', 477), ('is‚Ä¶', 477), ('rooms', 346), ('dedicated', 182), ('stockholm', 181), ('royal', 177), ('central', 176), ('waiting', 173), ('station.', 173), (""there's"", 173), ('passage', 173), ('suite', 173), ('platform.‚Ä¶', 170), ('sweden', 139), ('group', 130), ('pm', 129), ('üá∏üá™', 126), ('calls', 124), ('polish', 121), ('""stingy', 121), ('egoist', 121), ('countries"".', 121), ('mo‚Ä¶', 118), ('dramatic', 110), ('could', 95), ('deaths', 84), ('love', 80)]"
Switzerland,Politics,0.22188227351916395,6143.632839721255,3378.5195993031357,76.99869337979094,"[('late', 257), ('üá®üá≠', 146), ('switzerland', 136), ('wearing', 131), ('friend', 129), ('wife', 127), ('president', 127), ('muhammadu', 127), ('buhari', 127), ('boy', 127), (""buhari's"", 127), ('hipper', 127), ('rea‚Ä¶', 127), ('üå≤üåªüçÉ‚õÖÔ∏èüå∑üíûü¶ã', 126), ('listen', 126), ('hrs!', 126), ('sound‚Ä¶', 123), ('swiss', 119), ('travel', 114), ('neowise', 102), ('new', 99), ('also', 89), ('two', 87), ('thumbs', 81), ('peggy', 81), ('boyd', 81), ('us:', 81), ('https://t.co/bbx7hnpuzc', 81), ('uk:', 81), ('https://t.co/ohgqqjphui', 81)]"
Syria,Politics,-0.11126478611283305,14555.187228766274,2171.2982021078737,81.31804091754495,"[('syrian', 146), ('amazing', 136), ('destroyed', 122), ('saint', 121), ('cathedral', 120), ('elia', 117), ('news!', 116), ('jihadists,‚Ä¶', 115), ('control', 91), ('july', 84), ('day', 84), ('us', 83), ('region', 75), ('people', 72), ('liberation', 69), ('regime.', 69), ('northern', 69), ('19', 67), ('celebrate', 67), ('kobane', 67), ('baathist', 67), ('semi-autonomous', 67), ('syria', 65), ('has‚Ä¶', 63), ('corona', 61), ('earlier,', 60), ('relaying', 60), ('forwards', 60), ('wahtsapp', 60), ('groups/local', 60)]"
Taiwan,Politics,-0.01368234343434336,3309.9115151515152,1061.819797979798,358.4848484848485,"[('new', 762), ('experts', 601), ('including', 530), ('presided', 527), ('swearing-in', 527), ('ceremonies', 527), ('overseas', 527), ('representatives,', 527), ('experienced', 527), ('diplomats', 527), ('inte‚Ä¶', 526), ('human', 473), ('rights', 472), ('china.', 470), ('huge', 444), ('need', 444), ('a‚Ä¶', 443), ('sanctions', 442), ('‚Äòorwellian‚Äô', 441), ('denial', 441), ('scale', 441), ('abuse', 441), ('‚Äòmagnitsty‚Äô', 441), ('perpetrators', 441), ('make', 206), ('project', 204), ('start', 203), ('üöàtaiwanese', 202), ('coupleüë®\u200d‚ù§Ô∏è\u200düë®', 202), ('(1/3)', 202)]"
Tajikistan,Politics,0.0876,9930.931818181818,2831.590909090909,6.909090909090909,"[('key', 22), ('per', 11), ('usual', 11), ('illuminates', 11), ('challenge', 11), ('facing', 11), ('region', 11), ('shedding', 11), ('light', 11), ('shameful', 11), ('high‚Ä¶', 10), ('blocked', 6), ('term', 6), ('extensions', 6), ('osce', 6), ('officials', 6), ('https://t.co/qs5ued728c', 6), ('good', 5), ('thread', 5), ('highlighting', 5), ('succeeded', 5), ('unseating', 5), ('lea‚Ä¶', 4), ('central', 4), ('asia', 4), ('quality', 3), ('china', 3), ('love', 3), ('remoteness', 3), ('9', 3)]"
Tanzania,Politics,0.19434059539918858,10905.2949932341,1950.5412719891744,142.15606675687866,"[('tanzania', 925), ('tzs', 806), ('night', 799), ('stay', 796), ('(usd', 794), ('thanda', 790), ('island,', 790), ('mafia,', 790), ('rates', 790), ('58mil/', 790), ('25,000)', 790), ('minimum', 790), ('five-night', 790), ('cost', 790), ('tzs‚Ä¶', 786), ('love', 304), ('it,', 279), ('serengeti', 194), ('lodge,', 194), ('mbali', 142), ('safari', 111), ('young', 110), ('culture', 107), ('upcoming', 107), ('national', 105), ('another', 104), ('take', 102), ('career', 102), ('excited', 101), ('female', 101)]"
Thailand,Politics,0.05213881064162786,3922.51917057903,1614.0234741784038,1521.5199530516431,"[('army', 1022), ('protesters', 548), ('front', 516), ('group', 509), ('headquarters', 497), ('small', 461), ('gathering', 459), ('bangkok.', 458), ('spo‚Ä¶', 457), ('thousands', 402), ('friends', 301), ('(if', 288), ('politics', 288), ('good)', 288), ('dreams', 287), ('tweeting', 286), ('sharing', 286), ('lif‚Ä¶', 285), ('democracy', 266), ('demands', 257), ('get', 249), ('gathered', 244), ('bangkok‚Äôs', 244), ('protestors', 243), ('‚Äúprayut,', 241), ('out,‚Äù', 241), ('monument.', 241), ('people', 186), ('right', 134), ('support', 114)]"
Togo,Politics,0.12846477272727277,12825.920454545454,691.7613636363636,15.125,"[('i‚Äôll', 26), ('watch', 26), ('lil', 26), ('one...', 26), ('https://t.co/im9plhjn3w', 26), ('open', 11), ('foreign', 10), ('minister', 9), ('via', 6), ('see', 5), ('12p', 5), ('thanks', 4), ('embassy', 4), ('develop', 4), ('areas,', 4), ('particular', 4), ('come', 4), ('back', 4), ('order', 4), ('fm', 4), ('arrives', 4), ('boost', 4), ('bilateral', 4), ('ties', 4), ('https://t.co/bvbuo2bp27', 4), ('take', 4), ('us', 4), ('3p', 4), (""turkey's"", 4), ('visiting', 4)]"
Trinidad and Tobago,Politics,0.14676010928961747,1617.535519125683,707.8251366120219,2.4644808743169397,"[('july', 20), ('best', 19), ('app', 17), ('today', 17), ('listen', 16), ('soca', 16), ('tunes', 16), ('noize', 16), ('download', 15), ('new', 14), ('covid-19', 12), ('part', 12), ('trinidad', 11), ('initiative', 11), ('enhance', 11), ('criminal', 11), ('20th', 10), ('|', 10), ('ju‚Ä¶', 10), ('2020', 10), ('tobago', 9), ('way', 9), ('(monday', 8), ('https://t.co/uewwtofofn', 8), ('us', 8), ('ms', 8), ('road', 8), ('situation', 8), ('update-20', 8), ('whatsapp', 7)]"
Turkey,Politics,-0.025974557609123008,8637.831301612268,1469.989775855289,183.9937082186394,"[('turkish', 209), ('years', 167), ('46', 159), ('invasion', 157), ('turkey', 145), ('since', 126), ('president', 126), ('july', 122), ('first', 120), ('parliament', 116), ('military', 109), ('history', 109), ('mosque', 108), ('1974', 95), ('wonderful', 93), ('the‚Ä¶', 91), ('today', 88), ('us', 86), ('series', 86), ('based', 86), ('myth', 86), ('turks‚Äô', 84), ('pre-ottoman', 84), ('imagination.', 84), ('beginning', 84), ('talal', 84), ('al-torifi', 84), ('debunks', 84), ('day', 83), ('part', 83)]"
Turkmenistan,Politics,0.14532,34105.933333333334,1152.1,6.866666666666666,"[('one', 18), ('asia', 12), ('central', 11), ('trains', 10), ('railways', 10), ('continue', 10), ('areas', 10), ('spanish', 10), ('companies', 10), ('present', 10), ('(see', 10), ('talgo', 10), ('in‚Ä¶', 9), ('including', 5), ('artur', 4), ('fans', 4), ('around', 4), ('world,', 4), ('18-year-old', 4), ('artur,', 4), ('young', 4), ('journalist,', 4), ('them.', 4), ('covid', 3), ('rumours', 3), ('coronavirus', 3), ('denying', 3), ('hopes', 3), ('become', 3), ('sports', 3)]"
USA,Politics,0.08440730000000018,5314.713,3080.719,157.144,"[('president', 155), ('great', 150), ('news', 129), ('mask', 120), ('sent', 117), ('letter', 115), ('signed', 115), ('pediatrician', 114), ('rips', 114), ('off!', 114), ('üí•breakingüí•', 114), ('üíØreal', 114), ('by..', 114), ('150‚Ä¶', 114), ('us', 95), ('twitter', 78), ('may', 75), ('people', 72), ('taking', 71), ('keep', 69), ('new', 67), ('get', 65), ('cases', 63), ('silence', 62), ('able', 60), ('it!', 60), ('üî•üî•keep', 58), ('retweetingüî•üî•', 58), ('down,', 58), ('patriots', 58)]"
Uganda,Politics,0.17729764856776412,9085.102180418982,1548.7917913638307,20.583582727661394,"[('youth', 180), ('new', 163), ('opportunities', 157), ('providing', 143), ('awf', 139), ('committed', 139), ('elevating', 139), ('grow', 139), ('their‚Ä¶', 137), ('officers', 130), ('people', 121), ('4', 114), ('us', 109), ('cases', 105), ('made', 93), ('police', 87), ('uganda', 86), ('help', 82), ('taking', 75), ('0%', 75), ('ugandans,', 71), ('attacked', 70), ('please', 70), ('guy', 69), ('burial', 69), ('th‚Ä¶', 69), ('children', 69), ('whose', 67), ('secret', 67), (""(uganda's"", 67)]"
Ukraine,Politics,0.10306200223297717,5620.218459248233,2807.2340900632676,1107.39970227019,"[('get', 1214), ('biden', 1175), ('hot', 1139), ('things', 1136), ('water', 1135), ('starting', 1133), ('interesting.', 1133), ('https://t.co/t2iveos8k0', 1133), ('years', 211), ('impeached', 207), ('accuses', 182), ('help', 141), ('asking', 136), ('caught', 135), ('defeat', 134), ('an‚Ä¶', 134), ('killed', 112), ('500', 109), ('jail', 108), ('traitor', 108), ('ukrainian', 99), ('getting‚Ä¶', 99), ('getting', 88), ('today,', 87), ('criminal', 82), ('military', 78), ('away', 77), ('spying', 74), ('today', 74), ('still', 66)]"
United Arab Emirates,Politics,0.37279473684210496,7012.058479532164,3412.6959064327484,4.812865497076023,"[('mission', 81), ('first', 70), ('space', 50), ('launches', 43), ('mars', 40), ('launched', 34), ('hope', 31), ('monday', 28), ('probe', 27), ('arab', 26), ('successfully', 21), ('uae', 21), ('journey', 19), ('launch', 19), ('7-month', 18), ('orbiter', 18), ('united', 18), ('emirates', 17), ('successful', 15), ('began', 14), ('morning.', 14), ('carried', 14), ('by‚Ä¶', 12), ('strives', 12), ('develop', 12), ('|', 12), ('mission:', 11), ('interplanetary', 11), ('scientific', 11), ('lifts', 10)]"
UnitedKingdom,Politics,0.18493200194836823,21680.42571846079,1891.1568436434486,75.86507549926937,"[('please', 330), ('help', 318), ('find', 317), ('retweet', 298), ('home', 262), ('uk', 244), ('extradition', 226), ('suspends', 142), ('üá¨üáß', 139), ('hong', 133), ('kong', 131), ('security', 129), ('law', 128), ('following', 120), ('deal', 120), ('breaking:', 114), ('enactment', 114), ('https://t.co/3p0celjrmv', 114), (""he's"", 107), ('aged', 106), ('treaty', 87), ('longest', 80), ('one', 72), ('loves', 72), ('give', 68), ('2', 67), ('another', 66), ('says', 61), ('news', 59), ('archie', 59)]"
Uruguay,Politics,0.16175629370629388,12888.423076923076,1022.048951048951,6.136363636363637,"[('july', 45), ('airlines', 40), ('‚Äî', 30), ('üá∫üáæ', 26), ('first', 25), ('flights', 25), ('national', 24), ('amaszonas', 20), ('25,', 20), ('27,', 20), ('august', 20), ('1', 20), ('carrasco', 20), ('airport', 20), ('sao', 20), ('paulo.', 20), ('united', 20), ('south', 19), ('üí•', 19), ('starting', 19), ('üëâüèΩ', 19), ('online', 19), ('training', 19), ('bringing', 19), ('together', 19), ('leas', 19), ('enhance', 19), ('cooperation', 19), ('terms', 19), ('number', 16)]"
Uzbekistan,Politics,0.08355494505494492,4413.223443223444,687.6684981684982,3.1025641025641026,"[('one', 58), ('continue', 54), ('central', 54), ('asia', 54), ('trains', 48), ('railways', 48), ('areas', 48), ('spanish', 48), ('companies', 48), ('present', 48), ('(see', 48), ('talgo', 48), ('in‚Ä¶', 43), ('people', 42), ('association', 38), ('many', 35), ('get', 33), ('authorities', 33), ('follow', 30), ('updates', 30), ('study', 30), ('mbbs', 30), ('abroad', 30), ('!!', 30), ('industry', 27), ('covid', 26), ('visit', 25), ('fantastic', 24), ('engagement', 24), ('campaign.', 24)]"
Vanuatu,Politics,0.33579782608695646,14138.260869565218,1065.2608695652175,3.217391304347826,"[('km', 7), ('support', 7), ('blo', 7), ('the‚Ä¶', 6), ('programs', 6), ('strikes', 5), ('min', 5), ('ago.', 5), ('info:', 5), ('best', 5), ('talent', 5), ('taken', 5), ('part', 5), (""yesterday's"", 5), ('official', 5), ('training', 5), ('day', 5), ('port', 5), ('vila.', 5), ('vanuatu', 4), ('time', 4), ('nw', 4), ('hit', 4), ('region', 4), ('hard', 4), ('april.', 4), ('three', 4), ('months', 4), ('on,', 4), ('ahp', 4)]"
Venezuela,Politics,-0.043465215163934506,4487.165471311476,2383.0153688524592,150.34118852459017,"[('free', 424), ('local', 413), ('gnb', 412), ('man', 410), ('citizens', 404), ('managed', 404), ('detained', 404), ('tucupita', 403), ('outpost', 403), ('https://t.co/qth5cdcftw', 403), ('people', 195), ('see', 168), ('drops', 159), ('dead', 149), ('alcoholized', 143), ('poor', 143), ('monkey', 143), ('üêí', 143), ('.as', 143), ('laughing', 143), ('happ‚Ä¶', 141), ('homemade', 134), ('new', 86), ('criminal', 78), ('get', 76), ('venezuela', 75), ('advanced', 71), ('july', 71), ('captured', 69), ('‚Äòchopo‚Äô', 67)]"
Vietnam,Politics,0.07497622090369674,6319.498858968507,3368.783660429028,233.55773619351893,"[('drilling', 218), ('government', 209), ('japanese', 172), ('vietnam', 170), ('firms', 167), (""vietnam's"", 167), ('15', 165), ('production', 160), ('shift', 155), ('opt', 151), ('pays', 151), ('scheme', 149), ('youtube:', 128), ('oil', 122), ('joint', 116), ('venture', 111), ('rosneft', 109), ('eez', 109), ('canceled', 109), ('contract', 109), ('nob‚Ä¶', 107), ('available', 95), ('chinese', 93), ('read', 87), ('also', 87), ('via', 87), ('please', 86), ('us', 85), ('india', 83), ('first', 82)]"
Zambia,Politics,0.16402547619047647,39623.17083333333,3546.859523809524,13.276190476190477,"[('new', 180), ('president', 169), ('business', 141), ('bringing', 136), ('last', 130), ('get', 130), ('done', 122), ('178', 121), ('cases,', 121), ('cumulative', 121), ('24', 117), ('hours,', 117), ('confirmed', 117), ('959', 117), ('tests', 117), ('update:', 113), ('nu‚Ä¶', 109), ('community', 107), ('know', 106), ('covid-19', 103), ('one', 97), ('edgar', 92), ('water', 91), ('help', 85), ('lungu', 83), ('zambia', 78), ('july', 78), ('time', 77), (',', 74), ('chagwa', 69)]"
Zimbabwe,Politics,-0.19076004548900768,6174.628506444276,1770.2463987869598,203.62016679302502,"[('arrest', 422), ('journalist', 366), ('hopewell', 317), (""chin'ono"", 244), ('corruption', 210), ('abducted', 200), ('security', 178), ('today', 173), ('covid-19', 148), ('final', 144), ('tweet', 144), ('sent', 144), ('moments', 144), ('thugs.‚Ä¶', 144), ('involved', 138), ('welcome', 136), ('prosecution', 136), ('suspects', 136), ('blatant', 136), ('regarding', 136), ('procurement', 136), ('chin‚Äôono', 107), ('tsitsi', 89), (""dangarembga's"", 89), ('one-woman', 89), ('protest', 89), ('earlier', 89), ('corruption.', 87), ('journalists', 80), ('fight', 78)]"
